Date,Region_ID,Meals_Distributed,Meals_Requested,Temperature,Rainfall,Festival_Flag,Disaster_Flag,Population,Food_Availability_Index
2021-01-01,R01,2179,2330,24.9,2.5,0,0,2043395,0.9524
2021-01-02,R01,2062,2304,20.1,6.5,0,0,2042325,0.9328
2021-01-03,R01,1638,1852,23.8,4.4,0,0,2052461,0.7867
2021-01-04,R01,1658,1799,25.4,0.0,0,0,2055645,0.9409
2021-01-05,R01,1518,1729,22.9,0.0,0,0,2043280,0.894
2021-01-06,R01,1685,2009,25.8,12.8,0,0,2044080,0.9007
2021-01-07,R01,1697,2045,26.0,0.0,0,0,2064586,0.9408
2021-01-08,R01,1819,2235,27.4,3.7,0,0,2063273,0.8857
2021-01-09,R01,1761,2035,23.5,1.8,0,0,2046914,0.7831
2021-01-10,R01,1794,1991,23.3,0.0,0,0,2054722,0.8229
2021-01-11,R01,1540,1875,28.0,1.3,0,0,2038063,0.9365
2021-01-12,R01,1403,1688,24.1,6.1,0,0,2045689,0.8423
2021-01-13,R01,2418,2483,23.6,0.0,1,0,2046177,0.9663
2021-01-14,R01,2503,2645,23.6,0.2,1,0,2050912,0.8601
2021-01-15,R01,2337,2625,20.4,4.8,1,0,2038029,0.9034
2021-01-16,R01,2772,2772,23.4,1.1,1,0,2060945,0.898
2021-01-17,R01,2072,2319,24.8,1.1,1,0,2040652,0.8831
2021-01-18,R01,1566,1798,26.6,5.9,0,0,2063603,0.8821
2021-01-19,R01,1284,1589,25.2,1.3,0,0,2058257,0.9219
2021-01-20,R01,1429,1740,21.7,1.2,0,0,2044877,0.9454
2021-01-21,R01,1441,1677,25.3,0.0,0,0,2047260,0.8846
2021-01-22,R01,1723,1824,24.4,1.7,0,0,2048704,0.8971
2021-01-23,R01,1763,2016,25.6,0.0,0,0,2042060,0.9453
2021-01-24,R01,1374,1650,23.4,7.9,0,0,2036174,0.8825
2021-01-25,R01,2070,2204,23.0,0.0,1,0,2052491,0.8984
2021-01-26,R01,1801,2039,24.5,0.0,1,0,2063004,0.8651
2021-01-27,R01,1665,1807,17.3,3.5,1,0,2062173,0.8532
2021-01-28,R01,1604,1778,22.4,0.0,0,0,2045735,0.9298
2021-01-29,R01,1690,1792,25.6,2.6,0,0,2063132,0.8861
2021-01-30,R01,1606,1824,25.0,2.3,0,0,2053848,0.9488
2021-01-01,R02,1047,1243,23.1,0.0,0,0,682115,0.865
2021-01-02,R02,1099,1275,17.7,2.2,0,0,681069,0.9349
2021-01-03,R02,1011,1200,18.2,5.2,0,0,682227,0.8824
2021-01-04,R02,776,975,17.4,3.3,0,0,684461,0.9665
2021-01-05,R02,942,994,19.5,3.2,0,0,679736,0.8922
2021-01-06,R02,995,1073,18.9,0.0,0,0,685885,0.8509
2021-01-07,R02,1031,1135,11.0,6.8,0,0,683800,0.8816
2021-01-08,R02,1155,1194,23.8,0.0,0,0,678535,0.9173
2021-01-09,R02,1010,1129,13.7,0.9,0,0,681051,0.8863
2021-01-10,R02,1025,1142,17.4,4.3,0,0,682532,0.9036
2021-01-11,R02,945,1101,21.9,3.8,0,0,681345,0.8977
2021-01-12,R02,971,1040,20.8,9.8,0,0,675920,0.8708
2021-01-13,R02,1390,1577,20.6,0.0,1,0,679118,0.8947
2021-01-14,R02,1491,1643,16.5,0.0,1,0,688490,0.9102
2021-01-15,R02,1551,1556,23.7,2.7,1,0,671319,0.8946
2021-01-16,R02,1372,1433,16.8,3.3,1,0,678839,0.9296
2021-01-17,R02,1288,1288,10.8,0.0,1,0,678789,0.9063
2021-01-18,R02,1289,1849,16.8,7.2,0,1,685658,0.7045
2021-01-19,R02,1159,1701,18.1,0.0,0,1,678533,0.619
2021-01-20,R02,1258,1708,26.7,0.0,0,1,684459,0.6784
2021-01-21,R02,1344,1726,21.4,0.4,0,1,682135,0.7047
2021-01-22,R02,1158,2158,18.5,1.7,0,1,679599,0.6225
2021-01-23,R02,1174,2159,13.6,0.0,0,1,683459,0.7071
2021-01-24,R02,1193,1796,19.9,0.0,0,1,681549,0.6937
2021-01-25,R02,1350,2129,22.3,6.3,1,1,683468,0.6479
2021-01-26,R02,1218,1939,24.1,8.6,1,1,675500,0.7214
2021-01-27,R02,1312,2186,19.5,5.1,1,1,673113,0.6659
2021-01-28,R02,1115,1949,23.1,4.3,0,1,681050,0.5597
2021-01-29,R02,1299,2236,20.5,3.3,0,1,685915,0.7038
2021-01-30,R02,1321,2135,18.8,0.0,0,1,682915,0.6588
2021-01-01,R03,862,1063,19.3,2.5,0,0,95176,0.7844
2021-01-02,R03,929,994,15.5,0.0,0,0,95345,0.7679
2021-01-03,R03,820,897,16.1,1.6,0,0,95123,0.8331
2021-01-04,R03,697,854,18.4,0.2,0,0,95256,0.8008
2021-01-05,R03,765,899,14.9,1.4,0,0,95271,0.7603
2021-01-06,R03,724,889,19.8,7.6,0,0,94743,0.7855
2021-01-07,R03,746,846,14.8,3.9,0,0,95241,0.8623
2021-01-08,R03,809,974,21.5,3.0,0,0,95098,0.846
2021-01-09,R03,794,936,14.4,0.0,0,0,94388,0.8968
2021-01-10,R03,734,854,16.8,1.3,0,0,95333,0.8182
2021-01-11,R03,785,928,20.1,15.4,0,0,95411,0.8041
2021-01-12,R03,726,881,16.9,0.0,0,0,94579,0.8363
2021-01-13,R03,1149,1213,20.5,8.2,1,0,94863,0.7204
2021-01-14,R03,1131,1228,18.1,0.0,1,0,95453,0.852
2021-01-15,R03,1156,1220,12.9,8.5,1,0,95433,0.8693
2021-01-16,R03,1132,1196,13.1,16.9,1,0,95116,0.8427
2021-01-17,R03,989,1076,16.3,0.0,1,0,95669,0.8814
2021-01-18,R03,776,868,14.5,5.6,0,0,95569,0.8172
2021-01-19,R03,620,774,15.8,0.8,0,0,95202,0.7972
2021-01-20,R03,655,794,17.2,0.0,0,0,94310,0.8387
2021-01-21,R03,710,739,17.8,0.0,0,0,94454,0.8794
2021-01-22,R03,800,859,20.6,2.0,0,0,94163,0.802
2021-01-23,R03,809,871,17.0,1.7,0,0,95457,0.8315
2021-01-24,R03,668,795,18.7,0.0,0,0,94620,0.8214
2021-01-25,R03,904,936,15.7,2.0,1,0,94837,0.8718
2021-01-26,R03,801,888,19.3,4.2,1,0,95276,0.7812
2021-01-27,R03,1002,1045,13.7,3.6,1,0,95945,0.7592
2021-01-28,R03,668,797,20.7,0.0,0,0,95505,0.9246
2021-01-29,R03,795,865,17.4,7.8,0,0,95219,0.8196
2021-01-30,R03,757,873,22.7,0.0,0,0,94665,0.7946
2021-01-01,R04,4681,5591,10.5,0.0,0,0,1118427,0.7671
2021-01-02,R04,4988,5715,12.5,12.4,0,0,1117160,0.8629
2021-01-03,R04,4017,4824,12.4,0.0,0,0,1124308,0.8043
2021-01-04,R04,4117,4319,9.3,2.5,0,0,1131664,0.7359
2021-01-05,R04,4121,4862,10.7,5.2,0,0,1116731,0.7973
2021-01-06,R04,4274,4701,11.0,0.0,0,0,1125290,0.8014
2021-01-07,R04,4680,5326,13.6,3.3,0,0,1116559,0.7139
2021-01-08,R04,4895,5389,10.1,1.7,0,0,1123280,0.7301
2021-01-09,R04,4420,5387,9.0,0.0,0,0,1118181,0.7124
2021-01-10,R04,4218,4932,7.3,12.1,0,0,1114923,0.84
2021-01-11,R04,4165,4698,12.9,0.0,0,0,1115595,0.8185
2021-01-12,R04,3692,4241,12.8,0.5,0,0,1117911,0.7644
2021-01-13,R04,5798,6469,10.5,5.4,1,0,1120026,0.8369
2021-01-14,R04,5929,6682,13.2,0.6,1,0,1125427,0.7923
2021-01-15,R04,6191,7113,12.3,2.6,1,0,1132948,0.8156
2021-01-16,R04,5782,5941,10.8,0.9,1,0,1126997,0.8093
2021-01-17,R04,6027,6450,8.2,0.0,1,0,1124784,0.7765
2021-01-18,R04,4027,4841,12.8,2.9,0,0,1111578,0.799
2021-01-19,R04,3934,4199,9.1,12.7,0,0,1119679,0.7644
2021-01-20,R04,3733,4172,13.9,1.3,0,0,1124058,0.8584
2021-01-21,R04,3997,4160,14.6,6.1,0,0,1115589,0.8102
2021-01-22,R04,3855,4698,9.5,0.0,0,0,1121498,0.8309
2021-01-23,R04,4094,4937,11.4,4.6,0,0,1125724,0.7278
2021-01-24,R04,3817,4134,10.2,0.0,0,0,1112995,0.7737
2021-01-25,R04,4303,4737,11.9,0.0,1,0,1112199,0.7678
2021-01-26,R04,4354,4550,12.7,1.4,1,0,1121396,0.7355
2021-01-27,R04,4938,5394,8.0,1.5,1,0,1120219,0.8098
2021-01-28,R04,4374,4976,11.9,0.0,0,0,1118376,0.7842
2021-01-29,R04,4058,5160,11.0,0.0,0,0,1113429,0.8592
2021-01-30,R04,3963,4472,16.1,5.8,0,0,1112941,0.866
2021-01-01,R05,3708,3839,10.8,5.4,0,0,407407,0.7434
2021-01-02,R05,3677,4210,14.2,0.6,0,0,408957,0.7546
2021-01-03,R05,2830,3489,11.3,9.5,0,0,411243,0.795
2021-01-04,R05,3130,3575,9.9,4.0,0,0,409316,0.6692
2021-01-05,R05,3413,3962,8.2,3.7,0,0,412987,0.658
2021-01-06,R05,3070,3437,17.2,12.0,0,0,411345,0.7222
2021-01-07,R05,3295,3899,16.7,0.0,0,0,409146,0.8035
2021-01-08,R05,3892,4383,9.6,0.0,0,0,406710,0.7192
2021-01-09,R05,3637,4019,9.7,0.0,0,0,409500,0.8466
2021-01-10,R05,2939,3594,8.7,0.0,0,0,413360,0.6817
2021-01-11,R05,3081,3654,14.2,13.0,0,0,409696,0.7336
2021-01-12,R05,3038,3248,14.1,0.3,0,0,411650,0.7748
2021-01-13,R05,4252,4777,9.8,4.2,1,0,411555,0.7666
2021-01-14,R05,4581,4581,11.5,1.3,1,0,409033,0.7629
2021-01-15,R05,4900,5130,12.4,0.0,1,0,408411,0.7811
2021-01-16,R05,5552,7688,24.5,5.6,1,1,409867,0.7012
2021-01-17,R05,4362,8082,21.0,4.5,1,1,413755,0.7069
2021-01-18,R05,3491,5115,18.7,7.4,0,1,408769,0.7318
2021-01-19,R05,3942,5149,18.5,14.1,0,1,410150,0.6608
2021-01-20,R05,3167,5309,20.5,1.2,0,1,406457,0.6641
2021-01-21,R05,3387,6053,23.9,0.0,0,1,408414,0.64
2021-01-22,R05,3676,5770,20.3,0.0,0,1,407706,0.704
2021-01-23,R05,2945,3445,16.2,6.7,0,0,409863,0.6996
2021-01-24,R05,6971,11732,12.2,0.0,0,1,410675,0.7256
2021-01-25,R05,7163,12141,15.9,0.0,1,1,407335,0.73
2021-01-26,R05,7809,13247,8.9,0.0,1,1,410017,0.6819
2021-01-27,R05,3897,3990,10.9,0.0,1,0,411280,0.729
2021-01-28,R05,3105,3217,13.3,17.8,0,0,408991,0.7584
2021-01-29,R05,2971,3304,11.2,0.6,0,0,410322,0.7972
2021-01-30,R05,3301,3728,16.2,8.1,0,0,407213,0.7767
2021-01-01,R06,1593,1747,14.8,8.7,0,0,72200,0.7341
2021-01-02,R06,1326,1537,12.7,0.6,0,0,71589,0.7065
2021-01-03,R06,1464,1554,15.6,2.5,0,0,72574,0.7488
2021-01-04,R06,1266,1388,12.3,5.1,0,0,72115,0.7145
2021-01-05,R06,1147,1384,14.3,0.0,0,0,71875,0.7187
2021-01-06,R06,1362,1624,11.4,0.0,0,0,71594,0.7084
2021-01-07,R06,1393,1552,9.8,1.7,0,0,71928,0.661
2021-01-08,R06,1320,1464,10.7,0.0,0,0,72287,0.6786
2021-01-09,R06,1456,1614,11.6,5.7,0,0,72086,0.6722
2021-01-10,R06,1478,1544,13.9,4.4,0,0,71756,0.6632
2021-01-11,R06,1467,1621,10.7,4.2,0,0,72478,0.742
2021-01-12,R06,1167,1320,11.7,4.4,0,0,71977,0.6759
2021-01-13,R06,1744,1798,11.6,2.3,1,0,71894,0.7411
2021-01-14,R06,1899,2106,11.9,6.8,1,0,71698,0.7419
2021-01-15,R06,2081,2125,14.7,3.8,1,0,72085,0.7374
2021-01-16,R06,1716,1945,12.2,2.6,1,0,72239,0.7426
2021-01-17,R06,1688,1811,15.4,2.3,1,0,72519,0.7451
2021-01-18,R06,1054,1335,10.9,9.1,0,0,71882,0.6474
2021-01-19,R06,1146,1287,5.9,8.7,0,0,72349,0.73
2021-01-20,R06,1201,1321,13.4,2.4,0,0,72358,0.7194
2021-01-21,R06,1245,1351,10.3,0.0,0,0,72207,0.7751
2021-01-22,R06,1349,1460,8.8,0.0,0,0,72155,0.7091
2021-01-23,R06,1332,1496,12.9,0.0,0,0,72679,0.7661
2021-01-24,R06,1272,1385,11.1,6.4,0,0,72233,0.7217
2021-01-25,R06,1610,1708,5.5,0.0,1,0,71079,0.6247
2021-01-26,R06,1359,1525,14.1,5.0,1,0,71899,0.7387
2021-01-27,R06,1364,1474,11.8,7.1,1,0,72200,0.6565
2021-01-28,R06,1142,1401,10.2,2.5,0,0,72226,0.6846
2021-01-29,R06,1399,1530,4.8,2.7,0,0,72386,0.6963
2021-01-30,R06,1502,1617,16.8,4.7,0,0,71782,0.774
2021-01-01,R07,2830,3170,15.0,4.9,0,0,322455,0.7535
2021-01-02,R07,2486,2933,9.5,2.7,0,0,322020,0.7721
2021-01-03,R07,2197,2733,9.2,0.0,0,0,319129,0.7601
2021-01-04,R07,2252,2555,4.3,2.9,0,0,318689,0.7594
2021-01-05,R07,2551,2631,8.4,0.9,0,0,321771,0.8642
2021-01-06,R07,2035,2364,16.4,2.9,0,0,318060,0.7646
2021-01-07,R07,2518,2813,17.1,3.2,0,0,318430,0.7284
2021-01-08,R07,2782,3019,2.9,2.8,0,0,314487,0.7623
2021-01-09,R07,2809,3065,12.5,0.7,0,0,318401,0.7377
2021-01-10,R07,2234,2544,7.7,5.7,0,0,321627,0.8451
2021-01-11,R07,2073,2564,8.9,5.2,0,0,318834,0.7971
2021-01-12,R07,2425,2679,14.1,3.5,0,0,323523,0.8288
2021-01-13,R07,3136,3265,13.8,3.1,1,0,320398,0.8063
2021-01-14,R07,3773,3909,8.5,2.7,1,0,322759,0.7727
2021-01-15,R07,3585,3694,8.8,3.4,1,0,320403,0.7537
2021-01-16,R07,3403,3567,14.2,4.7,1,0,319791,0.7697
2021-01-17,R07,3093,3130,7.4,5.9,1,0,319282,0.827
2021-01-18,R07,1905,2339,8.6,0.0,0,0,318297,0.7486
2021-01-19,R07,1801,2201,12.8,0.0,0,0,321951,0.7644
2021-01-20,R07,2251,2564,10.9,5.0,0,0,323149,0.8233
2021-01-21,R07,2376,2608,12.0,0.0,0,0,322073,0.8109
2021-01-22,R07,2122,2523,10.4,3.1,0,0,317595,0.7176
2021-01-23,R07,2324,2495,13.4,1.7,0,0,319920,0.735
2021-01-24,R07,2014,2132,15.0,0.0,0,0,319319,0.7605
2021-01-25,R07,2715,2959,12.2,16.6,1,0,320676,0.8286
2021-01-26,R07,2729,2833,11.8,0.0,1,0,320292,0.7527
2021-01-27,R07,2857,2960,17.7,0.1,1,0,322528,0.735
2021-01-28,R07,2097,2308,9.0,0.0,0,0,316976,0.7123
2021-01-29,R07,2635,2873,10.6,0.0,0,0,317905,0.7435
2021-01-30,R07,2020,2307,10.9,1.1,0,0,320331,0.7036
2021-01-01,R08,1170,1309,26.3,0.0,0,0,1449596,0.9608
2021-01-02,R08,1175,1273,26.8,0.0,0,0,1448365,0.8633
2021-01-03,R08,1065,1298,25.5,4.4,0,0,1451816,0.9939
2021-01-04,R08,987,1188,24.4,3.4,0,0,1443955,0.8706
2021-01-05,R08,997,1084,26.1,3.9,0,0,1465294,0.9289
2021-01-06,R08,909,1085,21.8,0.0,0,0,1465490,0.8583
2021-01-07,R08,956,1111,23.1,3.3,0,0,1442521,0.8941
2021-01-08,R08,1176,1264,23.0,1.5,0,0,1442804,0.888
2021-01-09,R08,1045,1212,25.9,4.9,0,0,1447343,0.9292
2021-01-10,R08,1138,1202,24.8,0.0,0,0,1440275,0.9631
2021-01-11,R08,962,1153,24.3,2.0,0,0,1464267,0.9033
2021-01-12,R08,917,1036,20.8,0.0,0,0,1439257,0.9791
2021-01-13,R08,1443,1515,21.3,0.0,1,0,1449437,0.9515
2021-01-14,R08,1543,1628,19.4,0.0,1,0,1440612,0.9395
2021-01-15,R08,1588,1695,22.4,5.6,1,0,1449242,0.9334
2021-01-16,R08,1459,1542,22.3,4.2,1,0,1437353,0.9149
2021-01-17,R08,1255,1433,27.5,1.9,1,0,1456263,0.9385
2021-01-18,R08,1039,1109,26.1,3.0,0,0,1458632,0.9
2021-01-19,R08,784,986,28.1,0.0,0,0,1451839,0.9981
2021-01-20,R08,1002,1067,17.8,1.7,0,0,1431442,0.9539
2021-01-21,R08,941,1042,23.0,1.7,0,0,1473483,0.9664
2021-01-22,R08,1002,1061,17.2,6.1,0,0,1445660,0.917
2021-01-23,R08,956,1093,15.8,0.0,0,0,1447368,0.973
2021-01-24,R08,916,1035,25.7,0.0,0,0,1434928,0.9006
2021-01-25,R08,1186,1282,24.0,2.9,1,0,1465906,0.8564
2021-01-26,R08,1273,1291,23.9,0.0,1,0,1443888,0.8863
2021-01-27,R08,1200,1209,25.8,0.0,1,0,1458190,0.9074
2021-01-28,R08,952,1129,28.9,0.5,0,0,1457929,0.9593
2021-01-29,R08,978,1127,20.3,7.8,0,0,1448405,0.9261
2021-01-30,R08,1022,1215,24.7,2.4,0,0,1454519,0.9311
2021-01-01,R09,565,580,16.1,0.0,0,0,557270,0.938
2021-01-02,R09,562,662,11.9,0.0,0,0,558208,0.9259
2021-01-03,R09,576,699,15.3,12.7,0,0,563322,0.9355
2021-01-04,R09,456,519,16.8,5.7,0,0,560844,0.944
2021-01-05,R09,489,546,16.9,1.2,0,0,562951,0.9835
2021-01-06,R09,430,529,18.7,0.0,0,0,556489,0.9727
2021-01-07,R09,546,629,15.4,0.0,0,0,561143,0.9395
2021-01-08,R09,470,567,23.6,6.6,0,0,560912,0.9051
2021-01-09,R09,500,513,19.4,0.5,0,0,558631,0.9672
2021-01-10,R09,554,592,23.0,0.0,0,0,557053,0.9401
2021-01-11,R09,448,522,19.5,4.6,0,0,558080,0.9133
2021-01-12,R09,457,508,18.6,0.0,0,0,560677,0.8891
2021-01-13,R09,769,776,21.9,1.0,1,0,559063,0.9047
2021-01-14,R09,776,812,19.7,1.8,1,0,563609,0.9413
2021-01-15,R09,714,802,19.0,2.5,1,0,561817,0.8684
2021-01-16,R09,753,790,25.4,10.1,1,0,558428,0.9766
2021-01-17,R09,698,698,16.7,0.0,1,0,558324,0.924
2021-01-18,R09,434,525,18.1,11.9,0,0,559835,0.9726
2021-01-19,R09,1177,1607,17.5,0.0,0,1,561273,0.914
2021-01-20,R09,1338,1896,15.9,9.9,0,1,560782,0.9244
2021-01-21,R09,1350,1882,19.1,3.3,0,1,564108,0.9978
2021-01-22,R09,1391,1932,17.2,0.0,0,1,560012,0.9993
2021-01-23,R09,1533,2120,23.4,9.5,0,1,561176,0.9611
2021-01-24,R09,1224,1671,13.1,9.9,0,1,561001,1.0
2021-01-25,R09,585,613,19.8,0.0,1,0,563228,0.9177
2021-01-26,R09,499,553,16.9,4.1,1,0,560923,1.0
2021-01-27,R09,570,604,19.8,3.1,1,0,557741,0.9029
2021-01-28,R09,552,595,17.0,0.0,0,0,561173,0.8912
2021-01-29,R09,494,588,13.8,1.4,0,0,560406,0.989
2021-01-30,R09,476,571,21.6,8.0,0,0,561944,0.8952
2021-01-01,R10,490,532,18.8,0.0,0,0,87996,0.8586
2021-01-02,R10,496,554,17.7,1.4,0,0,87923,0.8956
2021-01-03,R10,416,489,21.3,4.6,0,0,87927,0.8514
2021-01-04,R10,430,492,15.4,2.6,0,0,88922,0.8839
2021-01-05,R10,360,446,20.1,0.0,0,0,87261,0.9009
2021-01-06,R10,358,440,22.5,3.8,0,0,87235,0.9026
2021-01-07,R10,416,482,16.2,0.0,0,0,88033,0.8841
2021-01-08,R10,497,535,18.8,0.0,0,0,88298,0.8374
2021-01-09,R10,470,535,17.2,0.0,0,0,88304,0.8521
2021-01-10,R10,413,452,23.6,0.0,0,0,88472,0.8583
2021-01-11,R10,444,472,19.7,5.1,0,0,88455,0.8542
2021-01-12,R10,367,385,18.5,0.0,0,0,88477,0.9425
2021-01-13,R10,559,633,16.8,0.0,1,0,88563,0.8207
2021-01-14,R10,614,632,21.6,7.0,1,0,88750,0.8905
2021-01-15,R10,592,614,17.9,3.4,1,0,87494,0.9213
2021-01-16,R10,640,652,16.0,2.0,1,0,88177,0.7845
2021-01-17,R10,549,615,16.9,0.0,1,0,88613,0.9226
2021-01-18,R10,415,459,18.7,0.0,0,0,88395,0.8301
2021-01-19,R10,350,431,22.3,0.0,0,0,88688,0.821
2021-01-20,R10,407,476,19.6,6.8,0,0,88910,0.8453
2021-01-21,R10,371,434,19.9,0.0,0,0,88421,0.87
2021-01-22,R10,404,456,11.6,8.1,0,0,87716,0.8232
2021-01-23,R10,405,470,20.7,5.0,0,0,88030,0.8074
2021-01-24,R10,382,440,15.5,2.2,0,0,87924,0.869
2021-01-25,R10,479,526,17.5,12.0,1,0,88005,0.8626
2021-01-26,R10,451,507,15.5,0.0,1,0,88106,0.8453
2021-01-27,R10,473,525,16.5,4.7,1,0,87507,0.8761
2021-01-28,R10,471,484,13.9,5.1,0,0,88760,0.908
2021-01-29,R10,399,482,14.6,8.7,0,0,88379,0.8441
2021-01-30,R10,361,445,15.5,0.0,0,0,87836,0.8824
2021-01-01,R11,1299,1605,11.7,0.0,0,0,1901221,0.8929
2021-01-02,R11,1558,1659,9.4,0.2,0,0,1931672,0.9728
2021-01-03,R11,1249,1515,15.0,0.2,0,0,1931123,0.871
2021-01-04,R11,1536,1647,5.9,0.0,0,0,1922443,0.9786
2021-01-05,R11,1236,1399,15.2,0.0,0,0,1926266,0.9377
2021-01-06,R11,1539,1649,7.0,0.0,0,0,1921047,0.8719
2021-01-07,R11,1399,1535,11.2,4.3,0,0,1908955,0.9371
2021-01-08,R11,1533,1634,11.0,3.8,0,0,1922016,0.8907
2021-01-09,R11,1485,1751,14.3,5.9,0,0,1935574,0.9304
2021-01-10,R11,1383,1420,8.1,2.9,0,0,1906685,0.9439
2021-01-11,R11,1303,1394,9.5,0.0,0,0,1924873,0.9326
2021-01-12,R11,1147,1338,12.9,1.8,0,0,1934754,0.8374
2021-01-13,R11,2110,2243,12.7,10.2,1,0,1914686,0.8437
2021-01-14,R11,2063,2165,12.3,2.9,1,0,1905449,0.861
2021-01-15,R11,1838,1949,13.3,1.2,1,0,1929777,0.9763
2021-01-16,R11,1718,1848,11.3,0.0,1,0,1900841,1.0
2021-01-17,R11,1519,1609,9.5,0.0,1,0,1917371,0.8989
2021-01-18,R11,1268,1376,12.5,6.8,0,0,1925815,0.8913
2021-01-19,R11,1111,1235,17.2,6.7,0,0,1928453,0.881
2021-01-20,R11,1043,1175,13.5,0.0,0,0,1919698,0.9345
2021-01-21,R11,1193,1348,12.4,1.9,0,0,1919384,0.9195
2021-01-22,R11,1230,1432,11.5,0.1,0,0,1945702,0.8864
2021-01-23,R11,1143,1377,16.8,0.0,0,0,1909411,0.9803
2021-01-24,R11,1076,1357,10.1,4.1,0,0,1929933,0.9958
2021-01-25,R11,1382,1459,12.8,3.9,1,0,1922272,0.9431
2021-01-26,R11,1406,1493,9.2,9.2,1,0,1922066,0.921
2021-01-27,R11,1407,1470,12.2,3.7,1,0,1934052,0.8895
2021-01-28,R11,1205,1415,11.2,4.9,0,0,1935332,0.8597
2021-01-29,R11,1326,1473,16.7,0.0,0,0,1934988,0.9288
2021-01-30,R11,1115,1326,12.9,0.0,0,0,1928085,0.9139
2021-01-01,R12,1122,1246,18.1,4.0,0,0,485519,0.9052
2021-01-02,R12,1092,1381,20.7,3.4,0,0,497186,0.9203
2021-01-03,R12,1108,1184,18.5,2.5,0,0,489424,0.9176
2021-01-04,R12,961,1207,19.5,6.5,0,0,486877,0.9132
2021-01-05,R12,866,1054,20.4,6.1,0,0,492399,0.8957
2021-01-06,R12,980,1195,15.5,5.9,0,0,492250,0.8836
2021-01-07,R12,1209,1442,16.2,7.4,0,0,487778,0.8476
2021-01-08,R12,1119,1274,15.9,2.3,0,0,491492,0.8569
2021-01-09,R12,1154,1311,19.1,0.0,0,0,487502,0.8519
2021-01-10,R12,1139,1142,17.0,4.1,0,0,488242,0.8375
2021-01-11,R12,961,1207,18.4,12.7,0,0,488863,0.8369
2021-01-12,R12,895,1038,21.9,0.0,0,0,489067,0.9348
2021-01-13,R12,1640,1717,19.9,0.0,1,0,490993,0.9054
2021-01-14,R12,1366,1504,18.5,0.0,1,0,491893,0.8838
2021-01-15,R12,1579,1702,19.1,0.0,1,0,490197,0.833
2021-01-16,R12,1466,1661,18.6,3.3,1,0,489240,0.895
2021-01-17,R12,1372,1434,19.7,0.0,1,0,492148,0.9303
2021-01-18,R12,833,978,19.0,2.5,0,0,486771,0.9026
2021-01-19,R12,766,954,15.6,0.0,0,0,489960,0.8591
2021-01-20,R12,906,1144,16.2,0.0,0,0,490565,0.8611
2021-01-21,R12,1021,1098,14.0,0.0,0,0,489482,0.8779
2021-01-22,R12,957,1223,14.0,0.8,0,0,488467,0.8647
2021-01-23,R12,1050,1160,20.3,3.3,0,0,489148,0.8829
2021-01-24,R12,1027,1148,17.3,1.2,0,0,492238,0.926
2021-01-25,R12,1132,1185,20.5,0.9,1,0,488049,0.9031
2021-01-26,R12,1022,1065,17.7,3.8,1,0,489165,0.9296
2021-01-27,R12,1172,1248,19.0,4.4,1,0,491658,0.8062
2021-01-28,R12,853,1045,16.0,7.4,0,0,487549,0.8512
2021-01-29,R12,946,1082,11.8,0.0,0,0,493167,0.8299
2021-01-30,R12,947,1115,21.2,10.3,0,0,489398,0.8756
2021-01-01,R13,2680,3320,19.8,2.0,0,0,1792478,0.8337
2021-01-02,R13,4928,7527,18.2,8.2,0,1,1768921,0.5727
2021-01-03,R13,4868,7137,21.1,3.3,0,1,1793331,0.5206
2021-01-04,R13,4215,6520,20.6,1.4,0,1,1795970,0.6109
2021-01-05,R13,4634,5977,19.3,6.4,0,1,1788467,0.5653
2021-01-06,R13,5087,6809,20.7,0.0,0,1,1776694,0.6165
2021-01-07,R13,5691,7592,21.0,0.0,0,1,1781008,0.6372
2021-01-08,R13,5032,7191,23.2,0.0,0,1,1781484,0.5485
2021-01-09,R13,4088,6986,22.1,0.0,0,1,1787686,0.5938
2021-01-10,R13,4629,6578,24.8,4.4,0,1,1769677,0.6047
2021-01-11,R13,4925,6256,16.1,0.9,0,1,1773197,0.6083
2021-01-12,R13,3211,5958,22.8,2.7,0,1,1786280,0.5768
2021-01-13,R13,6354,8229,26.1,0.0,1,1,1788858,0.5895
2021-01-14,R13,5952,9068,28.6,4.9,1,1,1782686,0.6099
2021-01-15,R13,6837,9792,20.7,3.7,1,1,1780787,0.6211
2021-01-16,R13,4659,7758,20.5,5.0,1,1,1777533,0.5459
2021-01-17,R13,5379,8871,25.0,0.8,1,1,1791589,0.6279
2021-01-18,R13,3990,6393,18.1,3.2,0,1,1765824,0.6556
2021-01-19,R13,3534,5766,21.1,0.0,0,1,1772734,0.608
2021-01-20,R13,3487,6425,20.4,0.0,0,1,1778863,0.5334
2021-01-21,R13,4855,6283,26.6,0.0,0,1,1777128,0.5505
2021-01-22,R13,4179,6331,24.1,0.1,0,1,1780718,0.6552
2021-01-23,R13,3596,3886,22.7,3.9,0,0,1784146,0.7214
2021-01-24,R13,2629,3194,22.9,3.5,0,0,1781057,0.6277
2021-01-25,R13,3517,3900,25.1,8.7,1,0,1791680,0.768
2021-01-26,R13,3365,3428,20.3,0.0,1,0,1785332,0.8154
2021-01-27,R13,3515,3676,22.6,6.1,1,0,1781884,0.7569
2021-01-28,R13,2598,3221,26.1,0.0,0,0,1778255,0.7895
2021-01-29,R13,3300,3494,25.7,1.5,0,0,1766991,0.7349
2021-01-30,R13,2928,3399,21.4,7.6,0,0,1779313,0.8536
2021-01-01,R14,3036,5285,20.1,7.1,0,1,378616,0.5438
2021-01-02,R14,3544,4991,25.6,11.9,0,1,379046,0.5281
2021-01-03,R14,2872,4510,18.6,0.0,0,1,380284,0.5957
2021-01-04,R14,2997,4420,23.7,6.7,0,1,379823,0.5234
2021-01-05,R14,1926,3388,23.6,0.0,0,1,381207,0.4752
2021-01-06,R14,2444,4317,28.3,0.3,0,1,377102,0.5507
2021-01-07,R14,2864,4589,14.7,3.1,0,1,380168,0.5265
2021-01-08,R14,3343,4619,22.4,0.3,0,1,383485,0.4959
2021-01-09,R14,3591,4762,22.5,0.0,0,1,375787,0.5574
2021-01-10,R14,2279,4270,28.0,1.9,0,1,376615,0.5421
2021-01-11,R14,3349,4343,15.5,1.6,0,1,380188,0.5099
2021-01-12,R14,2739,4342,21.7,0.0,0,1,381273,0.4394
2021-01-13,R14,3273,5418,23.2,0.0,1,1,379567,0.5066
2021-01-14,R14,4179,5724,24.6,7.8,1,1,381453,0.4969
2021-01-15,R14,3574,6490,27.5,0.0,1,1,381144,0.5779
2021-01-16,R14,2816,3148,18.2,0.0,1,0,379318,0.6758
2021-01-17,R14,2610,3006,26.8,0.1,1,0,377209,0.6908
2021-01-18,R14,1589,1939,17.5,0.0,0,0,380183,0.7659
2021-01-19,R14,1897,2094,21.9,4.5,0,0,376650,0.7282
2021-01-20,R14,1599,1927,26.5,2.3,0,0,382621,0.7343
2021-01-21,R14,1858,2154,18.1,9.6,0,0,384580,0.7693
2021-01-22,R14,1891,2106,19.3,0.0,0,0,381094,0.6684
2021-01-23,R14,1986,2166,23.6,3.0,0,0,377343,0.7245
2021-01-24,R14,1744,1968,22.2,7.1,0,0,381853,0.7381
2021-01-25,R14,2128,2202,25.0,0.0,1,0,379488,0.8408
2021-01-26,R14,1741,1875,23.7,0.8,1,0,381043,0.8297
2021-01-27,R14,2092,2190,27.1,0.0,1,0,379557,0.8516
2021-01-28,R14,1639,1923,26.7,0.8,0,0,382536,0.8005
2021-01-30,R14,1642,1859,19.2,4.8,0,0,382538,0.8779
2021-01-31,R14,1246,1504,21.9,5.0,0,0,378877,0.8598
2021-01-01,R15,910,1066,21.2,5.6,0,0,65248,0.7335
2021-01-02,R15,968,1115,24.0,4.6,0,0,64661,0.8012
2021-01-03,R15,916,984,25.7,0.9,0,0,65192,0.7784
2021-01-04,R15,859,967,21.3,0.0,0,0,64878,0.7637
2021-01-05,R15,797,879,24.0,1.4,0,0,64646,0.7708
2021-01-06,R15,759,883,23.0,5.8,0,0,65346,0.7707
2021-01-07,R15,785,848,23.6,0.0,0,0,65465,0.7299
2021-01-08,R15,905,1049,23.0,4.8,0,0,64815,0.6977
2021-01-09,R15,880,1003,19.7,0.8,0,0,65064,0.8084
2021-01-10,R15,692,804,27.6,5.3,0,0,64591,0.7419
2021-01-11,R15,850,951,20.4,4.7,0,0,65553,0.7507
2021-01-12,R15,775,843,22.1,5.7,0,0,64563,0.8001
2021-01-13,R15,1023,1078,18.5,0.0,1,0,64468,0.7845
2021-01-14,R15,1268,1301,23.1,0.0,1,0,65301,0.746
2021-01-15,R15,1102,1299,22.2,0.0,1,0,64924,0.7971
2021-01-16,R15,1206,1235,21.9,3.1,1,0,65083,0.7862
2021-01-17,R15,1170,1201,23.4,0.0,1,0,65234,0.764
2021-01-18,R15,685,850,14.7,8.1,0,0,64834,0.754
2021-01-19,R15,691,815,21.1,0.0,0,0,65039,0.7681
2021-01-20,R15,763,915,21.4,0.0,0,0,64806,0.7715
2021-01-21,R15,780,834,25.5,0.0,0,0,64927,0.7868
2021-01-22,R15,831,924,24.7,6.2,0,0,65659,0.8043
2021-01-23,R15,753,874,20.6,3.4,0,0,64590,0.7849
2021-01-24,R15,721,832,18.7,0.8,0,0,65684,0.772
2021-01-25,R15,941,1061,17.9,0.0,1,0,65286,0.775
2021-01-26,R15,872,945,22.6,3.4,1,0,65077,0.7742
2021-01-27,R15,944,1033,26.3,4.2,1,0,64929,0.7824
2021-01-28,R15,881,949,17.4,7.1,0,0,65130,0.7988
2021-01-29,R15,824,881,21.1,0.0,0,0,64961,0.7713
2021-01-30,R15,885,979,25.7,0.0,0,0,65276,0.7905
2021-01-01,R16,3273,3556,15.1,0.0,0,0,872795,0.8564
2021-01-02,R16,2931,3114,18.1,6.1,0,0,875352,0.8018
2021-01-03,R16,2436,3087,18.1,1.0,0,0,862480,0.8603
2021-01-04,R16,2732,2996,17.6,5.7,0,0,864524,0.8874
2021-01-05,R16,2171,2647,18.8,4.3,0,0,868690,0.8166
2021-01-06,R16,2498,2800,16.9,0.0,0,0,877192,0.8409
2021-01-07,R16,2975,3314,20.1,9.5,0,0,872455,0.8419
2021-01-08,R16,2794,3104,10.6,5.0,0,0,863194,0.8686
2021-01-09,R16,2436,2860,9.9,2.4,0,0,861560,0.797
2021-01-10,R16,2407,3009,18.6,8.8,0,0,870939,0.7607
2021-01-11,R16,2469,2734,14.8,2.9,0,0,872492,0.845
2021-01-12,R16,2280,2774,12.6,1.9,0,0,865208,0.8233
2021-01-13,R16,3612,3920,12.9,10.1,1,0,872471,0.8776
2021-01-14,R16,3775,3794,21.2,3.5,1,0,871879,0.7718
2021-01-15,R16,3897,4219,14.0,0.7,1,0,871581,0.8328
2021-01-16,R16,3899,4151,15.0,1.8,1,0,867684,0.8823
2021-01-17,R16,3325,3718,20.6,3.4,1,0,870595,0.9118
2021-01-18,R16,2251,2353,14.5,0.0,0,0,878091,0.8805
2021-01-19,R16,2343,2584,14.6,8.7,0,0,870533,0.8466
2021-01-20,R16,2136,2555,17.2,0.0,0,0,872080,0.7856
2021-01-21,R16,2115,2617,16.7,5.5,0,0,875026,0.8491
2021-01-22,R16,2606,2906,19.4,4.9,0,0,872087,0.858
2021-01-23,R16,2719,2889,18.1,0.0,0,0,867539,0.7884
2021-01-24,R16,2461,2909,14.0,0.9,0,0,873887,0.8258
2021-01-25,R16,2770,2905,19.0,6.3,1,0,873310,0.8196
2021-01-26,R16,2757,3087,15.4,4.0,1,0,864978,0.7383
2021-01-27,R16,2981,3200,16.9,0.0,1,0,872820,0.8171
2021-01-28,R16,2530,2643,14.6,5.9,0,0,872913,0.839
2021-01-29,R16,2625,2949,21.1,0.0,0,0,875671,0.8436
2021-01-30,R16,2409,2991,18.4,0.6,0,0,868924,0.7506
2021-01-01,R17,2928,3288,15.2,0.0,0,0,339810,0.6961
2021-01-02,R17,2902,3267,20.5,0.0,0,0,338889,0.7479
2021-01-03,R17,2790,2999,15.3,0.0,0,0,341839,0.8069
2021-01-04,R17,2371,2773,14.0,6.4,0,0,339004,0.7453
2021-01-05,R17,2487,2627,13.2,0.0,0,0,341286,0.7502
2021-01-06,R17,2896,3376,11.7,0.3,0,0,341657,0.7303
2021-01-07,R17,2843,3208,15.1,0.0,0,0,340659,0.732
2021-01-08,R17,2458,2843,12.9,3.0,0,0,339893,0.796
2021-01-09,R17,2891,3236,20.0,1.7,0,0,339952,0.7052
2021-01-10,R17,2624,3270,17.5,6.1,0,0,336246,0.7603
2021-01-11,R17,2909,3132,12.2,4.3,0,0,337836,0.7237
2021-01-12,R17,2475,2722,17.4,7.4,0,0,342691,0.8586
2021-01-13,R17,3822,4016,15.9,0.0,1,0,338512,0.7127
2021-01-14,R17,3818,4013,12.7,4.6,1,0,337083,0.7281
2021-01-15,R17,4052,4444,11.6,0.0,1,0,341157,0.733
2021-01-16,R17,3894,4019,14.9,0.0,1,0,343914,0.7675
2021-01-17,R17,3246,3492,15.3,0.0,1,0,334553,0.744
2021-01-18,R17,2156,2680,17.0,0.1,0,0,342548,0.6822
2021-01-19,R17,2289,2648,12.7,0.0,0,0,340875,0.7498
2021-01-20,R17,2238,2704,13.7,0.0,0,0,339366,0.8423
2021-01-21,R17,2605,3123,15.5,0.0,0,0,338703,0.7357
2021-01-22,R17,2401,2803,15.7,0.0,0,0,341447,0.7209
2021-01-23,R17,2252,2771,13.1,6.3,0,0,340160,0.7866
2021-01-24,R17,2492,3128,17.3,0.0,0,0,339312,0.6946
2021-01-25,R17,2819,3114,12.1,0.7,1,0,340499,0.8504
2021-01-26,R17,3041,3255,14.1,0.0,1,0,340900,0.7348
2021-01-27,R17,2980,3314,20.1,5.8,1,0,342510,0.7075
2021-01-28,R17,2562,2971,18.5,2.4,0,0,341403,0.7644
2021-01-29,R17,2877,3028,19.1,0.0,0,0,341915,0.7897
2021-01-30,R17,3199,3422,19.1,0.0,0,0,339542,0.7415
2021-01-01,R18,1138,1224,12.4,0.0,0,0,54962,0.7658
2021-01-02,R18,1337,1420,16.5,2.6,0,0,54992,0.7329
2021-01-03,R18,1221,1273,15.9,0.0,0,0,55155,0.7153
2021-01-04,R18,1188,1383,11.4,0.0,0,0,54601,0.7137
2021-01-05,R18,955,1091,15.4,5.8,0,0,55120,0.7116
2021-01-06,R18,1033,1172,13.2,0.0,0,0,54471,0.7974
2021-01-07,R18,1138,1242,15.7,0.0,0,0,55268,0.7094
2021-01-08,R18,1350,1450,12.3,0.0,0,0,54920,0.6923
2021-01-09,R18,1304,1449,21.0,0.0,0,0,54532,0.6523
2021-01-10,R18,1060,1296,15.8,3.1,0,0,55194,0.7163
2021-01-11,R18,1106,1352,16.3,2.2,0,0,54927,0.6902
2021-01-12,R18,1026,1198,17.6,0.0,0,0,55135,0.6697
2021-01-13,R18,1630,1696,19.7,9.2,1,0,55083,0.7013
2021-01-14,R18,1633,1658,14.9,0.0,1,0,55398,0.729
2021-01-15,R18,1491,1566,17.3,8.9,1,0,55537,0.7232
2021-01-16,R18,1542,1753,14.6,7.3,1,0,54655,0.7112
2021-01-17,R18,1360,1483,12.5,1.0,1,0,54702,0.7472
2021-01-18,R18,1068,1145,16.4,0.0,0,0,55185,0.7651
2021-01-19,R18,852,1009,13.5,2.9,0,0,54718,0.6426
2021-01-20,R18,975,1127,15.9,4.3,0,0,54881,0.72
2021-01-21,R18,917,1143,16.3,0.0,0,0,54584,0.7015
2021-01-22,R18,987,1144,12.4,2.0,0,0,55350,0.7396
2021-01-23,R18,1108,1179,10.5,0.0,0,0,55218,0.7175
2021-01-24,R18,932,1095,18.5,0.0,0,0,54866,0.7208
2021-01-25,R18,1246,1304,17.4,1.5,1,0,54784,0.7214
2021-01-26,R18,1246,1246,10.6,2.3,1,0,54998,0.6622
2021-01-27,R18,1188,1313,7.9,0.7,1,0,55134,0.7345
2021-01-28,R18,959,1646,24.3,0.0,0,1,54570,0.5799
2021-01-29,R18,1240,2086,27.0,4.9,0,1,55192,0.613
2021-01-30,R18,1127,1937,24.6,0.0,0,1,55264,0.5634
2021-01-01,R19,1681,1741,21.0,3.3,0,0,1357125,0.9207
2021-01-02,R19,1599,1749,18.3,2.9,0,0,1350097,0.8724
2021-01-03,R19,1660,1789,18.6,2.4,0,0,1349047,0.8613
2021-01-04,R19,1412,1562,21.4,5.0,0,0,1350771,0.862
2021-01-05,R19,1144,1415,16.4,11.0,0,0,1348942,0.9007
2021-01-06,R19,1472,1716,16.7,0.0,0,0,1349200,0.9093
2021-01-07,R19,1428,2522,26.8,6.6,0,1,1348694,0.8137
2021-01-08,R19,2030,3167,25.9,11.3,0,1,1354221,0.81
2021-01-09,R19,1462,2647,22.2,2.1,0,1,1351699,0.8024
2021-01-10,R19,1639,2741,25.2,0.0,0,1,1354308,0.8461
2021-01-11,R19,1634,2487,21.5,7.6,0,1,1364963,0.789
2021-01-12,R19,1661,2340,25.3,0.0,0,1,1359095,0.7737
2021-01-13,R19,2029,2218,16.8,0.0,1,0,1353774,0.88
2021-01-14,R19,2147,2347,20.4,1.5,1,0,1358882,0.802
2021-01-15,R19,1939,2086,17.3,0.2,1,0,1356290,0.848
2021-01-16,R19,1743,1933,21.7,0.5,1,0,1340631,0.9245
2021-01-17,R19,1864,1937,18.9,0.0,1,0,1354750,0.8827
2021-01-18,R19,1343,1535,19.6,0.0,0,0,1358049,0.8564
2021-01-19,R19,1220,1348,15.0,10.3,0,0,1357489,0.9425
2021-01-20,R19,1179,1388,18.8,0.0,0,0,1363271,0.9163
2021-01-21,R19,1211,1442,19.6,0.0,0,0,1355064,0.8975
2021-01-22,R19,1256,1558,14.5,0.0,0,0,1344676,0.8459
2021-01-23,R19,1456,1590,15.6,2.4,0,0,1355594,0.882
2021-01-24,R19,1380,1388,18.8,0.0,0,0,1348427,0.9261
2021-01-25,R19,1397,1568,23.9,0.0,1,0,1360730,0.8742
2021-01-26,R19,1331,1527,17.0,8.6,1,0,1354159,0.9181
2021-01-27,R19,4680,6785,16.8,2.4,1,1,1345845,0.9377
2021-01-28,R19,3696,5436,16.9,3.7,0,1,1360515,0.8842
2021-01-29,R19,1562,1614,18.1,0.0,0,0,1342333,0.9067
2021-01-30,R19,1339,1373,17.3,6.7,0,0,1349482,0.8744
2021-01-01,R20,1266,1391,24.3,1.7,0,0,983102,0.8813
2021-01-02,R20,1191,1468,26.3,0.9,0,0,979577,0.8738
2021-01-03,R20,981,1059,23.5,1.3,0,0,974360,0.892
2021-01-04,R20,985,1223,20.6,3.5,0,0,988962,0.9096
2021-01-05,R20,1001,1086,21.1,1.8,0,0,982113,0.9934
2021-01-06,R20,1028,1133,27.5,2.4,0,0,963590,0.93
2021-01-07,R20,1060,1188,18.2,3.5,0,0,974680,0.9227
2021-01-08,R20,1017,1287,27.2,4.0,0,0,979285,0.8856
2021-01-09,R20,1180,1272,22.1,0.6,0,0,978663,0.883
2021-01-10,R20,903,1140,23.1,0.4,0,0,976929,0.9286
2021-01-11,R20,1006,1092,23.4,2.3,0,0,984038,0.9073
2021-01-12,R20,932,1183,23.0,0.0,0,0,981115,0.8925
2021-01-13,R20,1526,1619,25.1,0.0,1,0,972415,0.907
2021-01-14,R20,1549,1739,23.1,2.3,1,0,988042,0.8851
2021-01-15,R20,1547,1696,25.0,0.0,1,0,975315,0.9626
2021-01-16,R20,1428,1513,28.0,2.3,1,0,985447,0.9075
2021-01-17,R20,1404,1404,24.5,0.0,1,0,978885,0.9399
2021-01-18,R20,935,1130,25.0,4.1,0,0,983136,0.9298
2021-01-19,R20,891,991,22.4,6.9,0,0,980180,0.8569
2021-01-20,R20,960,1214,20.3,0.2,0,0,979429,0.9204
2021-01-21,R20,957,1091,22.9,2.4,0,0,983055,0.969
2021-01-22,R20,935,1110,25.8,6.1,0,0,977930,0.8806
2021-01-23,R20,1005,1186,24.9,9.1,0,0,986854,0.9489
2021-01-24,R20,1023,1086,23.0,0.0,0,0,982337,0.9378
2021-01-25,R20,1174,1205,24.0,9.0,1,0,983492,0.9201
2021-01-26,R20,1141,1178,22.2,0.0,1,0,975299,0.8957
2021-01-28,R20,2531,4009,26.9,0.0,0,1,980852,0.9175
2021-01-29,R20,2266,3532,30.1,2.1,0,1,973344,0.9668
2021-01-30,R20,968,1136,24.6,1.0,0,0,982343,0.9251
2021-01-31,R20,948,1111,24.4,3.2,0,0,979825,0.9293
2021-01-01,R21,3202,3731,11.4,0.0,0,0,718309,0.853
2021-01-02,R21,3381,3867,17.8,0.7,0,0,727869,0.7078
2021-01-03,R21,3484,3849,9.1,5.3,0,0,720881,0.7567
2021-01-04,R21,2857,3516,11.0,0.0,0,0,719512,0.8138
2021-01-05,R21,2650,3013,14.0,0.0,0,0,719041,0.7509
2021-01-06,R21,3164,3512,12.0,1.3,0,0,719594,0.8279
2021-01-07,R21,3163,3819,12.3,6.2,0,0,719173,0.9154
2021-01-08,R21,3294,4000,12.6,2.2,0,0,724005,0.7566
2021-01-09,R21,3892,4310,11.8,0.0,0,0,722455,0.8118
2021-01-10,R21,10157,14432,8.9,9.9,0,1,723800,0.8245
2021-01-11,R21,9905,14259,13.4,0.0,0,1,720343,0.8214
2021-01-12,R21,8855,12560,13.0,4.7,0,1,715432,0.6936
2021-01-13,R21,13168,18727,13.8,5.3,1,1,722208,0.7531
2021-01-14,R21,4157,4404,16.7,0.0,1,0,717495,0.826
2021-01-15,R21,4979,5282,11.5,1.5,1,0,716163,0.7912
2021-01-16,R21,4212,4712,14.8,0.0,1,0,722212,0.8074
2021-01-17,R21,4135,4554,17.4,2.7,1,0,718101,0.8286
2021-01-18,R21,2770,3159,9.1,6.8,0,0,720949,0.7065
2021-01-19,R21,2584,3122,14.1,0.0,0,0,721074,0.8002
2021-01-20,R21,2575,3180,11.6,0.0,0,0,716081,0.7485
2021-01-21,R21,2859,3519,12.0,7.9,0,0,717976,0.728
2021-01-22,R21,3049,3222,13.9,2.5,0,0,723193,0.7882
2021-01-23,R21,3072,3504,8.0,0.0,0,0,722623,0.7829
2021-01-24,R21,2494,2933,13.8,0.0,0,0,723182,0.8944
2021-01-25,R21,3576,3938,13.9,0.0,1,0,718513,0.7181
2021-01-26,R21,3559,3936,12.8,0.0,1,0,713762,0.7442
2021-01-27,R21,3316,3554,12.1,0.0,1,0,719971,0.7618
2021-01-28,R21,2994,3240,12.3,2.1,0,0,718983,0.8278
2021-01-29,R21,3356,4112,14.3,2.6,0,0,721937,0.7789
2021-01-30,R21,2879,3365,14.8,13.0,0,0,719064,0.8304
2021-01-01,R22,3924,4685,14.3,0.0,0,0,421516,0.7338
2021-01-02,R22,3615,4515,9.3,1.6,0,0,419785,0.7277
2021-01-03,R22,3849,4475,11.2,0.0,0,0,418309,0.8227
2021-01-04,R22,3960,4523,12.6,6.9,0,0,424378,0.7759
2021-01-05,R22,3381,3687,9.0,0.0,0,0,420460,0.7843
2021-01-06,R22,3537,3980,15.8,2.0,0,0,420225,0.7168
2021-01-07,R22,3824,4504,8.5,0.0,0,0,422010,0.7848
2021-01-08,R22,3832,4110,9.6,0.9,0,0,417046,0.6769
2021-01-09,R22,3733,4256,13.0,0.0,0,0,415556,0.8608
2021-01-10,R22,7945,11004,17.4,2.9,0,1,420318,0.7369
2021-01-11,R22,7701,11110,7.5,4.4,0,1,420649,0.7415
2021-01-12,R22,7830,11112,9.2,0.0,0,1,420024,0.7026
2021-01-13,R22,34396,48684,14.0,0.0,1,1,424092,0.7688
2021-01-14,R22,35014,49699,11.9,0.0,1,1,420232,0.78
2021-01-15,R22,10576,18782,16.1,0.0,1,1,421022,0.785
2021-01-16,R22,5576,6287,14.5,3.8,1,0,418395,0.7189
2021-01-17,R22,4652,5167,9.0,4.6,1,0,421142,0.7757
2021-01-18,R22,3420,3968,11.1,0.8,0,0,417106,0.7674
2021-01-19,R22,3040,3147,8.6,0.0,0,0,420889,0.76
2021-01-20,R22,2996,3448,13.6,8.3,0,0,418676,0.7438
2021-01-21,R22,3655,3734,10.3,0.0,0,0,418911,0.7732
2021-01-22,R22,3306,3862,14.5,1.3,0,0,417502,0.7362
2021-01-23,R22,3059,3620,15.3,4.0,0,0,424429,0.7526
2021-01-24,R22,2914,3488,10.1,6.7,0,0,421155,0.7735
2021-01-25,R22,4505,4684,10.3,16.8,1,0,419054,0.756
2021-01-26,R22,3969,4522,12.0,4.5,1,0,419543,0.7533
2021-01-27,R22,4352,4992,6.4,5.1,1,0,422279,0.7906
2021-01-28,R22,3585,3775,15.5,5.6,0,0,419180,0.799
2021-01-29,R22,3990,4198,13.7,5.2,0,0,421272,0.7482
2021-01-30,R22,3777,4074,8.1,0.0,0,0,419338,0.7567
2021-01-01,R23,4112,6502,13.2,0.0,0,1,48160,0.5699
2021-01-02,R23,4278,6927,13.7,4.4,0,1,48257,0.6518
2021-01-03,R23,3948,6394,14.6,0.0,0,1,48103,0.6704
2021-01-04,R23,3909,6094,9.7,0.1,0,1,48207,0.6238
2021-01-05,R23,2932,4643,12.5,0.0,0,1,47452,0.7128
2021-01-06,R23,3031,4834,11.5,2.1,0,1,47988,0.6721
2021-01-07,R23,1103,1245,6.5,0.0,0,0,48264,0.6568
2021-01-08,R23,1368,1522,9.9,3.5,0,0,48295,0.7126
2021-01-09,R23,1193,1502,10.0,0.0,0,0,48069,0.6795
2021-01-10,R23,1420,1517,7.3,9.2,0,0,48574,0.6762
2021-01-11,R23,1067,1231,8.2,5.1,0,0,47903,0.7181
2021-01-12,R23,1084,1206,8.4,0.0,0,0,48195,0.6977
2021-01-13,R23,1776,1832,8.5,7.3,1,0,48240,0.7196
2021-01-14,R23,1807,1974,8.6,5.2,1,0,47681,0.6695
2021-01-15,R23,1764,1804,14.3,13.6,1,0,48121,0.5953
2021-01-16,R23,1747,1857,9.5,4.6,1,0,48331,0.6533
2021-01-17,R23,1520,1661,9.7,0.0,1,0,47770,0.6567
2021-01-18,R23,1040,1131,12.6,0.3,0,0,47984,0.6843
2021-01-19,R23,851,935,15.4,3.2,0,0,47929,0.6836
2021-01-20,R23,1050,1263,13.5,2.9,0,0,48242,0.6392
2021-01-21,R23,1088,1209,11.3,2.7,0,0,47510,0.7285
2021-01-22,R23,1153,1274,12.1,2.1,0,0,48370,0.6568
2021-01-23,R23,985,1182,17.7,0.0,0,0,48327,0.6112
2021-01-24,R23,990,1087,11.8,0.0,0,0,47700,0.6179
2021-01-25,R23,1217,1247,11.8,1.7,1,0,47922,0.7545
2021-01-26,R23,1198,1242,11.4,1.4,1,0,48201,0.6617
2021-01-27,R23,1363,1441,10.0,0.0,1,0,48039,0.6936
2021-01-28,R23,1037,1183,13.6,0.0,0,0,48404,0.7523
2021-01-29,R23,1206,1292,15.6,3.2,0,0,48044,0.608
2021-01-30,R23,1175,1424,10.7,0.0,0,0,47972,0.7023
2021-01-01,R24,7136,8168,22.4,0.0,0,0,839720,0.6902
2021-01-02,R24,7131,7709,17.8,0.0,0,0,845938,0.768
2021-01-03,R24,5893,7101,21.7,4.3,0,0,832480,0.7527
2021-01-04,R24,5257,5862,14.3,2.9,0,0,840152,0.7104
2021-01-05,R24,5179,5998,27.7,0.0,0,0,842261,0.7647
2021-01-06,R24,6598,7146,23.8,3.6,0,0,841267,0.7452
2021-01-07,R24,5504,6686,22.7,3.8,0,0,833473,0.6804
2021-01-08,R24,6371,7435,22.8,0.0,0,0,841263,0.7622
2021-01-09,R24,6705,8186,20.8,11.5,0,0,841854,0.8013
2021-01-10,R24,5014,6436,17.8,8.1,0,0,838077,0.6795
2021-01-11,R24,5606,6640,18.3,4.7,0,0,839309,0.7089
2021-01-12,R24,5980,6433,19.7,4.5,0,0,836302,0.6764
2021-01-13,R24,7409,7886,20.5,0.0,1,0,839786,0.7708
2021-01-14,R24,8127,8685,21.3,5.8,1,0,838551,0.7002
2021-01-15,R24,9389,9775,23.0,6.8,1,0,841144,0.8155
2021-01-16,R24,8539,9026,17.7,7.2,1,0,835515,0.7691
2021-01-17,R24,7071,7268,24.5,6.4,1,0,840469,0.696
2021-01-18,R24,5102,5932,19.9,3.0,0,0,839833,0.7123
2021-01-19,R24,4899,5939,27.5,0.0,0,0,842915,0.7882
2021-01-20,R24,5166,5478,19.0,0.9,0,0,835776,0.7813
2021-01-21,R24,5278,5928,20.8,12.0,0,0,835932,0.6553
2021-01-22,R24,6110,6271,22.1,3.9,0,0,839389,0.7021
2021-01-23,R24,6423,6722,23.4,2.6,0,0,839872,0.6908
2021-01-24,R24,6021,6304,22.5,8.3,0,0,845550,0.8069
2021-01-25,R24,6079,6760,22.3,8.5,1,0,837724,0.7636
2021-01-26,R24,6168,6553,21.7,0.0,1,0,839076,0.71
2021-01-27,R24,6470,7063,18.3,0.5,1,0,842359,0.7417
2021-01-28,R24,6123,6405,21.4,0.0,0,0,837409,0.716
2021-01-29,R24,5860,6402,21.3,0.0,0,0,840700,0.6183
2021-01-30,R24,5950,7069,20.6,0.0,0,0,843974,0.7637
2021-01-01,R25,4920,6026,23.8,0.0,0,0,279414,0.7107
2021-01-02,R25,4465,5497,21.6,3.0,0,0,281566,0.7316
2021-01-03,R25,4417,4648,27.9,3.3,0,0,278495,0.6676
2021-01-04,R25,4442,4687,22.4,0.7,0,0,281076,0.6754
2021-01-05,R25,3716,4557,17.7,0.0,0,0,279309,0.6864
2021-01-06,R25,3901,4804,24.6,1.0,0,0,275457,0.6571
2021-01-07,R25,4404,5146,18.6,10.3,0,0,281753,0.6647
2021-01-08,R25,4574,5149,22.5,3.1,0,0,280216,0.7218
2021-01-09,R25,4377,4861,24.7,3.8,0,0,282691,0.6923
2021-01-10,R25,4393,4781,22.4,0.0,0,0,281349,0.7374
2021-01-11,R25,4424,4779,17.0,3.2,0,0,281466,0.6806
2021-01-12,R25,3768,4142,26.0,0.0,0,0,278498,0.6198
2021-01-13,R25,6278,6627,26.8,4.7,1,0,278693,0.7014
2021-01-14,R25,6215,6693,21.4,4.5,1,0,278996,0.6564
2021-01-15,R25,5938,6800,27.2,0.0,1,0,280267,0.676
2021-01-16,R25,5285,5985,24.3,7.4,1,0,279301,0.6352
2021-01-17,R25,5590,5956,18.3,0.6,1,0,280696,0.8267
2021-01-18,R25,4044,4240,22.6,0.0,0,0,280935,0.6837
2021-01-19,R25,3510,4025,23.1,10.9,0,0,279687,0.7229
2021-01-20,R25,4180,4538,18.3,0.3,0,0,278499,0.6957
2021-01-21,R25,3739,4284,17.9,8.6,0,0,279187,0.6225
2021-01-22,R25,4149,4389,22.0,3.5,0,0,280966,0.6413
2021-01-23,R25,3688,4260,15.0,1.0,0,0,280139,0.7219
2021-01-24,R25,3725,4189,19.8,5.2,0,0,281880,0.7218
2021-01-25,R25,4578,4578,22.7,6.0,1,0,278278,0.6744
2021-01-26,R25,4586,4693,23.8,2.8,1,0,279388,0.7392
2021-01-27,R25,4730,5151,23.6,2.0,1,0,282541,0.6759
2021-01-28,R25,3779,4172,24.1,7.7,0,0,279352,0.6488
2021-01-29,R25,3938,4105,24.7,0.0,0,0,281262,0.7462
2021-01-30,R25,4456,5061,19.7,9.1,0,0,279673,0.6801
2021-01-01,R26,2463,2625,20.9,0.0,0,0,57941,0.6368
2021-01-02,R26,1846,2103,22.6,0.8,0,0,58183,0.6524
2021-01-03,R26,6616,10057,25.1,8.1,0,1,58406,0.6698
2021-01-04,R26,5658,8619,26.9,0.0,0,1,58140,0.612
2021-01-05,R26,1501,1870,19.4,3.3,0,0,57854,0.6974
2021-01-06,R26,1723,1829,24.1,0.0,0,0,58222,0.6148
2021-01-07,R26,1992,2156,19.8,1.4,0,0,58069,0.6411
2021-01-08,R26,1840,2145,23.2,5.5,0,0,58061,0.6052
2021-01-09,R26,1852,2167,20.9,0.0,0,0,57522,0.6335
2021-01-10,R26,1956,2257,23.6,0.0,0,0,57849,0.6156
2021-01-11,R26,1893,1965,22.3,0.0,0,0,58233,0.5848
2021-01-12,R26,1500,1768,22.4,8.6,0,0,57854,0.6224
2021-01-13,R26,2508,2720,23.4,3.1,1,0,58115,0.5447
2021-01-14,R26,2968,3057,22.1,0.0,1,0,58213,0.5977
2021-01-15,R26,2646,2867,25.1,0.9,1,0,57864,0.5863
2021-01-16,R26,2554,2692,24.2,3.4,1,0,57919,0.6328
2021-01-17,R26,2146,2271,22.0,1.7,1,0,57330,0.6556
2021-01-18,R26,1594,1742,16.3,0.5,0,0,57792,0.6359
2021-01-19,R26,1554,1669,17.8,0.9,0,0,58238,0.6463
2021-01-20,R26,4207,7452,16.5,0.0,0,1,58095,0.6352
2021-01-21,R26,4799,8065,24.7,0.0,0,1,58231,0.591
2021-01-22,R26,1521,1697,24.3,0.6,0,0,58345,0.7115
2021-01-23,R26,1690,2079,21.0,2.4,0,0,57952,0.5433
2021-01-24,R26,4076,5627,21.5,1.2,0,1,57779,0.5987
2021-01-25,R26,4759,6770,21.3,5.3,1,1,58236,0.6478
2021-01-26,R26,4637,6667,16.3,2.0,1,1,57857,0.5804
2021-01-27,R26,2269,2515,22.0,7.7,1,0,57403,0.6054
2021-01-28,R26,1693,1839,21.9,3.1,0,0,57467,0.6847
2021-01-29,R26,1688,1787,17.4,0.0,0,0,57996,0.6862
2021-01-30,R26,1927,2029,22.0,10.1,0,0,58545,0.6535
2021-01-01,R27,2287,2473,21.0,3.6,0,0,561439,0.8338
2021-01-02,R27,2131,2340,20.1,0.0,0,0,562018,0.8164
2021-01-03,R27,1745,2080,25.7,6.4,0,0,558283,0.8035
2021-01-04,R27,1863,2174,25.0,0.0,0,0,560285,0.8554
2021-01-05,R27,1871,2114,27.3,0.1,0,0,559107,0.8338
2021-01-06,R27,1873,2038,21.0,0.1,0,0,566328,0.8294
2021-01-07,R27,1970,2250,27.7,8.0,0,0,557265,0.764
2021-01-08,R27,2101,2381,25.6,0.7,0,0,565225,0.8535
2021-01-09,R27,2026,2330,21.0,4.2,0,0,558791,0.8252
2021-01-10,R27,3021,4323,22.8,1.5,0,1,562766,0.9
2021-01-11,R27,1548,1770,29.2,3.7,0,0,555966,0.7843
2021-01-12,R27,1581,1895,21.5,10.9,0,0,559911,0.7929
2021-01-13,R27,2642,2849,29.4,4.6,1,0,559291,0.8417
2021-01-14,R27,2767,3029,23.1,10.1,1,0,558712,0.8552
2021-01-15,R27,2923,3012,26.8,0.0,1,0,557641,0.8245
2021-01-16,R27,2593,2787,24.4,4.9,1,0,556511,0.8149
2021-01-17,R27,2379,2546,21.3,9.7,1,0,559958,0.8755
2021-01-18,R27,1564,1833,24.7,1.5,0,0,562234,0.7733
2021-01-19,R27,1553,1760,27.6,0.0,0,0,562151,0.8437
2021-01-20,R27,1594,1848,21.8,0.0,0,0,559204,0.8751
2021-01-21,R27,1720,1922,20.3,5.0,0,0,558692,0.8084
2021-01-22,R27,1776,1898,20.3,4.9,0,0,557555,0.7651
2021-01-23,R27,2025,2168,24.0,4.6,0,0,562006,0.84
2021-01-24,R27,1666,1996,26.9,0.4,0,0,557467,0.9496
2021-01-25,R27,1999,2120,23.3,0.0,1,0,560234,0.816
2021-01-26,R27,2037,2227,20.2,4.5,1,0,561064,0.8327
2021-01-27,R27,2094,2183,24.6,6.6,1,0,558772,0.8616
2021-01-28,R27,1719,2018,19.7,0.0,0,0,561242,0.874
2021-01-29,R27,2062,2165,16.4,0.8,0,0,560770,0.7842
2021-01-30,R27,1935,2068,26.7,5.0,0,0,563000,0.7676
2021-01-01,R28,3597,6439,20.9,0.0,0,1,309913,0.7319
2021-01-02,R28,3465,6298,26.1,10.2,0,1,311862,0.8066
2021-01-03,R28,3312,5974,25.5,0.0,0,1,308239,0.7277
2021-01-04,R28,1983,2343,23.1,2.7,0,0,310035,0.7448
2021-01-05,R28,2078,2450,21.4,4.8,0,0,310774,0.7939
2021-01-06,R28,2275,2418,25.1,7.7,0,0,309432,0.76
2021-01-07,R28,2271,2741,25.6,0.0,0,0,310368,0.7954
2021-01-08,R28,2354,2820,19.0,6.9,0,0,309535,0.7307
2021-01-09,R28,2306,2431,18.8,0.9,0,0,309099,0.7868
2021-01-10,R28,2417,2569,21.8,6.4,0,0,312478,0.8017
2021-01-11,R28,2221,2483,18.2,2.8,0,0,310730,0.7811
2021-01-12,R28,1939,2295,19.9,6.2,0,0,310088,0.841
2021-01-13,R28,2794,3090,20.8,0.0,1,0,307598,0.7869
2021-01-14,R28,3173,3296,23.0,0.0,1,0,310340,0.7221
2021-01-15,R28,3335,3587,23.5,6.6,1,0,306691,0.801
2021-01-16,R28,2609,2889,28.8,0.0,1,0,309285,0.8638
2021-01-17,R28,2936,3334,25.3,5.2,1,0,311673,0.7899
2021-01-18,R28,1989,2288,24.7,10.1,0,0,309080,0.7761
2021-01-19,R28,1474,1798,24.6,3.9,0,0,308853,0.7738
2021-01-20,R28,1918,2187,26.5,0.0,0,0,306804,0.7308
2021-01-21,R28,1804,2279,15.2,0.0,0,0,309885,0.7484
2021-01-22,R28,2245,2693,21.6,0.0,0,0,309901,0.794
2021-01-23,R28,2199,2283,29.7,0.0,0,0,309968,0.8259
2021-01-24,R28,2013,2080,24.3,0.0,0,0,308534,0.7393
2021-01-25,R28,2064,2306,25.0,0.0,1,0,310095,0.8502
2021-01-26,R28,2383,2506,24.8,0.0,1,0,310366,0.7083
2021-01-27,R28,2484,2559,23.4,0.0,1,0,313256,0.784
2021-01-28,R28,1886,2242,22.0,3.9,0,0,310009,0.8248
2021-01-29,R28,2051,2335,24.0,7.8,0,0,311307,0.7837
2021-01-30,R28,2273,2423,26.6,1.8,0,0,310329,0.8341
2021-01-01,R29,1264,1397,20.4,0.0,0,0,52195,0.7674
2021-01-02,R29,1113,1207,24.7,0.0,0,0,51756,0.7645
2021-01-03,R29,977,1163,25.0,5.7,0,0,52060,0.6976
2021-01-04,R29,931,1067,21.6,1.5,0,0,51955,0.6775
2021-01-05,R29,812,980,18.1,6.5,0,0,51990,0.6988
2021-01-06,R29,1011,1131,22.5,0.0,0,0,51941,0.5533
2021-01-07,R29,1070,1092,25.1,0.0,0,0,52127,0.7187
2021-01-08,R29,1142,1309,20.6,3.8,0,0,52296,0.6701
2021-01-09,R29,1247,1319,21.8,0.0,0,0,52112,0.7116
2021-01-10,R29,950,1161,18.3,2.8,0,0,52450,0.7356
2021-01-11,R29,1085,1154,26.0,0.0,0,0,52361,0.6576
2021-01-12,R29,826,976,26.5,3.1,0,0,51544,0.6733
2021-01-13,R29,1323,1459,19.6,0.0,1,0,52287,0.727
2021-01-14,R29,1558,1569,20.0,0.0,1,0,52138,0.6794
2021-01-15,R29,1376,1551,22.8,0.0,1,0,52117,0.7434
2021-01-16,R29,1511,1561,22.2,0.0,1,0,51513,0.6388
2021-01-17,R29,1386,1427,24.6,0.0,1,0,52257,0.6959
2021-01-18,R29,1047,1131,20.7,3.7,0,0,52194,0.7132
2021-01-19,R29,791,943,21.9,3.8,0,0,52443,0.6328
2021-01-20,R29,1875,2351,22.6,0.0,0,1,51925,0.4264
2021-01-21,R29,1720,2847,19.5,1.5,0,1,51670,0.3997
2021-01-22,R29,1516,2375,24.9,2.1,0,1,52348,0.4082
2021-01-23,R29,1736,2711,22.4,5.4,0,1,52132,0.4222
2021-01-24,R29,1350,2171,21.9,12.4,0,1,51842,0.4887
2021-01-25,R29,2030,2778,21.4,0.0,1,1,51850,0.4122
2021-01-26,R29,1607,2478,18.1,0.0,1,1,52316,0.3407
2021-01-27,R29,2116,2727,19.2,13.0,1,1,51971,0.3311
2021-01-28,R29,1828,2636,26.0,9.9,0,1,51851,0.4617
2021-01-29,R29,1655,2673,23.3,4.6,0,1,51585,0.4862
2021-01-30,R29,2054,2685,24.7,15.5,0,1,52099,0.4248
2021-01-01,R30,3176,3791,18.1,0.0,0,0,481352,0.8074
2021-01-02,R30,3223,3450,14.9,0.0,0,0,481245,0.8009
2021-01-03,R30,3102,3273,11.4,0.5,0,0,478306,0.7395
2021-01-04,R30,2706,3114,18.1,8.8,0,0,480903,0.8075
2021-01-05,R30,2843,3086,10.7,4.2,0,0,482015,0.7943
2021-01-06,R30,2981,3371,15.5,4.1,0,0,479957,0.7761
2021-01-07,R30,3018,3464,16.3,5.1,0,0,479215,0.8538
2021-01-08,R30,3111,3414,12.8,2.1,0,0,480499,0.7852
2021-01-09,R30,2686,3202,10.8,6.2,0,0,476836,0.7756
2021-01-10,R30,2491,2907,9.9,8.6,0,0,484350,0.8083
2021-01-11,R30,2653,2895,12.5,2.7,0,0,485439,0.8158
2021-01-12,R30,2538,2716,8.3,0.0,0,0,482473,0.7733
2021-01-13,R30,4129,4129,14.3,0.0,1,0,478221,0.7585
2021-01-14,R30,3985,4426,15.5,0.0,1,0,479770,0.7619
2021-01-15,R30,4214,4571,8.3,0.0,1,0,480539,0.7517
2021-01-16,R30,3870,4100,6.8,6.1,1,0,481655,0.7463
2021-01-17,R30,4115,4182,17.3,1.3,1,0,479582,0.7812
2021-01-18,R30,2971,3196,14.8,6.5,0,0,483463,0.7121
2021-01-19,R30,2244,2658,10.3,0.0,0,0,479230,0.8034
2021-01-20,R30,2304,2855,7.9,5.3,0,0,479616,0.7522
2021-01-21,R30,2679,3018,11.6,0.0,0,0,480454,0.7729
2021-01-22,R30,2763,3183,12.6,0.0,0,0,478281,0.7697
2021-01-23,R30,2525,3107,15.3,0.0,0,0,480079,0.817
2021-01-24,R30,2536,2967,15.1,8.8,0,0,482872,0.8034
2021-01-25,R30,3323,3521,12.6,0.0,1,0,483765,0.7235
2021-01-26,R30,3231,3421,16.4,9.2,1,0,476150,0.7843
2021-01-27,R30,3384,3769,12.8,5.5,1,0,480235,0.7038
2021-01-28,R30,3001,3162,12.7,7.4,0,0,479585,0.7771
2021-01-29,R30,2813,3163,16.9,0.0,0,0,478209,0.7608
2021-01-30,R30,2909,3347,13.6,0.0,0,0,478622,0.7885
2021-01-01,R31,4093,4976,11.5,0.0,0,0,357356,0.5973
2021-01-02,R31,4310,4581,8.0,0.0,0,0,357872,0.7395
2021-01-03,R31,3659,4266,15.1,6.0,0,0,356275,0.7508
2021-01-04,R31,3433,4058,15.0,0.6,0,0,361310,0.68
2021-01-05,R31,3653,4062,12.8,0.0,0,0,358059,0.7682
2021-01-06,R31,3517,3819,12.0,4.1,0,0,360432,0.7255
2021-01-07,R31,3703,4580,9.3,1.3,0,0,357686,0.7092
2021-01-08,R31,4171,4472,11.0,7.3,0,0,361234,0.6931
2021-01-09,R31,3663,4471,13.8,0.0,0,0,359732,0.7863
2021-01-10,R31,4062,4539,18.7,0.0,0,0,360191,0.7913
2021-01-11,R31,3924,4311,8.7,0.8,0,0,361626,0.8023
2021-01-12,R31,3297,3998,10.6,3.3,0,0,362033,0.6731
2021-01-13,R31,5114,5560,13.5,0.0,1,0,362194,0.735
2021-01-14,R31,5175,5919,13.7,3.4,1,0,361979,0.7645
2021-01-15,R31,5786,6403,10.0,0.0,1,0,360615,0.7211
2021-01-16,R31,6107,6498,5.9,3.9,1,0,360014,0.7402
2021-01-17,R31,13140,19244,10.1,0.0,1,1,362424,0.7765
2021-01-18,R31,8130,11327,12.2,0.0,0,1,361383,0.8035
2021-01-19,R31,8214,12129,9.9,0.0,0,1,359890,0.704
2021-01-20,R31,8759,12740,15.0,1.3,0,1,360209,0.7286
2021-01-21,R31,8657,11988,17.4,0.0,0,1,354926,0.7148
2021-01-22,R31,4310,4564,11.2,0.0,0,0,360496,0.7537
2021-01-23,R31,6395,9335,14.1,1.2,0,1,357048,0.4068
2021-01-24,R31,5454,8455,14.5,4.8,0,1,358764,0.453
2021-01-25,R31,5841,10230,13.4,3.1,1,1,361543,0.4663
2021-01-26,R31,5218,9753,13.1,5.1,1,1,361656,0.4534
2021-01-27,R31,5027,9408,11.4,2.7,1,1,360206,0.359
2021-01-28,R31,5054,8721,18.0,0.0,0,1,357972,0.3761
2021-01-29,R31,8043,10120,12.1,0.0,0,1,360356,0.4322
2021-01-30,R31,6570,9038,11.3,0.0,0,1,357163,0.398
2021-01-01,R32,230,275,24.2,9.0,0,0,617369,0.9704
2021-01-02,R32,269,299,25.8,3.5,0,0,621337,0.9022
2021-01-03,R32,245,273,20.4,0.0,0,0,622555,0.9544
2021-01-04,R32,215,250,29.7,1.8,0,0,618882,0.9124
2021-01-05,R32,200,243,23.3,4.4,0,0,622577,0.9301
2021-01-06,R32,206,261,25.6,3.9,0,0,616664,0.9162
2021-01-07,R32,235,269,26.4,2.1,0,0,624806,0.8758
2021-01-08,R32,245,272,22.6,0.0,0,0,623939,0.87
2021-01-09,R32,236,283,24.4,10.5,0,0,618407,0.9238
2021-01-10,R32,325,544,25.1,13.1,0,1,615206,0.6761
2021-01-11,R32,315,588,22.8,0.0,0,1,623186,0.6359
2021-01-12,R32,312,563,23.0,1.6,0,1,617913,0.6835
2021-01-13,R32,427,780,19.3,0.0,1,1,615986,0.7132
2021-01-14,R32,478,821,21.5,6.4,1,1,623890,0.6368
2021-01-15,R32,561,794,24.7,4.9,1,1,618388,0.6235
2021-01-16,R32,423,714,28.8,5.6,1,1,615168,0.6936
2021-01-17,R32,438,735,26.2,0.0,1,1,620559,0.5905
2021-01-19,R32,418,579,24.2,0.0,0,1,617438,0.5813
2021-01-20,R32,403,585,22.6,6.5,0,1,617782,0.6598
2021-01-21,R32,401,591,26.7,0.0,0,1,618999,0.6693
2021-01-22,R32,303,530,24.4,2.1,0,1,617194,0.6296
2021-01-23,R32,443,594,26.8,0.0,0,1,622434,0.7005
2021-01-24,R32,378,495,28.1,0.0,0,1,621868,0.6109
2021-01-25,R32,500,674,23.9,0.0,1,1,622178,0.667
2021-01-26,R32,345,581,23.3,0.0,1,1,621117,0.6482
2021-01-27,R32,504,647,21.9,3.6,1,1,621323,0.5824
2021-01-28,R32,365,559,15.6,5.2,0,1,616885,0.6579
2021-01-29,R32,460,618,23.0,4.5,0,1,623263,0.6192
2021-01-30,R32,469,603,26.6,0.3,0,1,618867,0.6465
2021-01-31,R32,385,591,25.6,9.7,0,1,625735,0.5891
2021-01-01,R33,334,375,22.4,0.0,0,0,379580,0.8917
2021-01-02,R33,342,388,26.1,0.0,0,0,378019,0.9304
2021-01-03,R33,355,382,28.2,0.0,0,0,379741,0.9647
2021-01-04,R33,271,330,24.6,3.8,0,0,378539,0.9871
2021-01-05,R33,247,304,23.7,0.7,0,0,381841,0.9257
2021-01-06,R33,299,328,26.1,0.0,0,0,379968,0.9451
2021-01-07,R33,314,389,17.6,0.0,0,0,381148,0.9342
2021-01-08,R33,314,361,21.2,0.0,0,0,379559,0.9531
2021-01-09,R33,327,384,28.1,0.0,0,0,381843,0.9445
2021-01-10,R33,311,364,25.2,9.3,0,0,382474,0.9399
2021-01-11,R33,284,318,27.4,0.0,0,0,382971,0.8968
2021-01-12,R33,253,288,25.5,1.9,0,0,380115,0.8538
2021-01-13,R33,460,488,28.5,1.5,1,0,381011,0.8894
2021-01-14,R33,392,429,20.1,4.2,1,0,380537,1.0
2021-01-15,R33,503,523,26.4,6.6,1,0,379737,0.9398
2021-01-16,R33,417,469,25.5,0.0,1,0,380942,0.9082
2021-01-17,R33,394,433,25.2,0.0,1,0,381667,0.8754
2021-01-18,R33,269,313,23.6,0.3,0,0,379600,0.9296
2021-01-19,R33,255,306,19.3,0.0,0,0,385822,0.9539
2021-01-20,R33,261,321,18.8,4.1,0,0,382173,0.941
2021-01-21,R33,300,339,23.0,3.4,0,0,378864,0.9579
2021-01-22,R33,286,344,20.1,0.0,0,0,377272,0.9512
2021-01-23,R33,284,333,23.4,0.0,0,0,379070,0.9154
2021-01-24,R33,287,320,19.2,6.1,0,0,382126,0.9438
2021-01-25,R33,324,347,19.4,5.7,1,0,378575,0.8234
2021-01-26,R33,294,331,25.8,5.6,1,0,381261,1.0
2021-01-27,R33,328,338,21.0,0.7,1,0,376762,0.9812
2021-01-28,R33,308,338,25.1,0.6,0,0,380140,0.9515
2021-01-29,R33,281,298,21.3,1.2,0,0,378097,0.907
2021-01-30,R33,310,332,30.5,0.0,0,0,381903,0.8753
2021-01-01,R34,1229,1420,19.2,5.0,0,0,1646448,0.9416
2021-01-02,R34,1375,1539,21.3,7.3,0,0,1644527,0.9197
2021-01-03,R34,1224,1441,19.9,0.0,0,0,1627832,0.8533
2021-01-04,R34,1104,1362,19.8,2.3,0,0,1642904,0.9681
2021-01-05,R34,1078,1154,21.0,0.0,0,0,1654666,0.9438
2021-01-06,R34,1228,1478,20.6,0.3,0,0,1648918,0.7968
2021-01-07,R34,1047,1231,16.0,0.2,0,0,1625439,0.9158
2021-01-08,R34,1235,1398,18.8,6.8,0,0,1637760,0.8925
2021-01-09,R34,1252,1411,20.3,3.4,0,0,1635744,0.9279
2021-01-10,R34,1191,1319,20.2,12.1,0,0,1635050,0.8962
2021-01-11,R34,1043,1228,16.8,3.5,0,0,1644170,0.8459
2021-01-12,R34,1019,1185,17.4,1.9,0,0,1642760,0.8986
2021-01-13,R34,1343,1503,21.1,1.1,1,0,1638983,0.9129
2021-01-14,R34,1840,1920,18.9,1.5,1,0,1639991,0.8302
2021-01-15,R34,1899,2004,16.1,0.0,1,0,1639958,0.9521
2021-01-16,R34,1536,1608,16.2,0.0,1,0,1645373,0.8937
2021-01-17,R34,1418,1575,17.7,10.2,1,0,1647228,0.8497
2021-01-18,R34,994,1170,16.8,0.0,0,0,1631776,0.9418
2021-01-19,R34,943,1078,22.0,0.0,0,0,1644740,0.938
2021-01-20,R34,1129,1202,19.7,0.0,0,0,1638369,0.841
2021-01-21,R34,1216,1282,21.6,4.4,0,0,1656969,0.8748
2021-01-22,R34,1024,1165,20.5,2.5,0,0,1648875,0.8583
2021-01-23,R34,1071,1243,16.5,7.2,0,0,1644227,0.9136
2021-01-24,R34,1091,1250,19.2,0.7,0,0,1658518,0.9372
2021-01-25,R34,1275,1371,14.8,0.8,1,0,1648429,0.8842
2021-01-26,R34,1235,1308,17.6,12.9,1,0,1648636,0.9125
2021-01-27,R34,1354,1372,17.7,0.0,1,0,1649326,0.9296
2021-01-28,R34,1221,1317,17.3,2.7,0,0,1640965,0.9649
2021-01-29,R34,1238,1467,16.3,0.0,0,0,1636886,0.9349
2021-01-30,R34,1183,1270,18.4,0.0,0,0,1639159,0.8743
2021-01-01,R35,1382,1473,14.8,4.2,0,0,419749,0.8674
2021-01-02,R35,1270,1554,17.8,0.0,0,0,418223,0.8585
2021-01-03,R35,1148,1445,16.3,9.8,0,0,423767,0.8719
2021-01-04,R35,1324,1405,19.3,0.0,0,0,418818,0.7996
2021-01-05,R35,1112,1327,12.9,1.8,0,0,420111,0.8309
2021-01-06,R35,1249,1514,14.2,0.0,0,0,422450,0.8739
2021-01-07,R35,1452,1571,20.3,2.7,0,0,416969,0.8505
2021-01-08,R35,1529,1619,17.2,0.6,0,0,420012,0.8701
2021-01-09,R35,1445,1714,20.4,0.0,0,0,422183,0.8224
2021-01-10,R35,1218,1387,17.4,0.0,0,0,416604,0.9135
2021-01-11,R35,1468,1532,20.2,0.0,0,0,421672,0.9162
2021-01-12,R35,1130,1207,10.7,3.1,0,0,422723,0.9409
2021-01-13,R35,1942,2032,20.4,1.0,1,0,419875,0.8143
2021-01-14,R35,1831,2025,16.8,6.4,1,0,421539,0.8797
2021-01-15,R35,2031,2104,16.5,0.0,1,0,420288,0.8362
2021-01-16,R35,1729,1915,18.1,4.1,1,0,422208,0.9272
2021-01-17,R35,1604,1775,17.0,4.6,1,0,419320,0.8702
2021-01-18,R35,1077,1220,16.4,2.0,0,0,421795,0.8848
2021-01-19,R35,1105,1190,13.0,9.4,0,0,423703,0.8165
2021-01-20,R35,1222,1258,18.0,10.2,0,0,420654,0.8363
2021-01-21,R35,1122,1332,19.9,1.6,0,0,420842,0.8141
2021-01-22,R35,1187,1369,15.9,0.0,0,0,419423,0.7604
2021-01-23,R35,1192,1392,11.6,11.1,0,0,416433,0.839
2021-01-24,R35,1332,1417,15.7,2.0,0,0,421421,0.8493
2021-01-25,R35,1408,1562,15.2,0.0,1,0,422185,0.7779
2021-01-26,R35,1279,1455,19.5,2.5,1,0,419468,0.8149
2021-01-27,R35,1259,1436,15.8,0.0,1,0,419286,0.8832
2021-01-28,R35,1253,1314,17.8,1.0,0,0,420120,0.7719
2021-01-29,R35,1322,1416,14.8,2.6,0,0,419892,0.9056
2021-01-30,R35,1329,1445,13.2,14.7,0,0,421904,0.7931
2021-01-01,R36,2436,2865,21.6,6.4,0,0,518427,0.8726
2021-01-02,R36,2332,2699,24.7,0.0,0,0,518547,0.8583
2021-01-03,R36,2049,2313,21.1,0.0,0,0,518918,0.7854
2021-01-04,R36,1859,2258,22.5,0.0,0,0,520167,0.8673
2021-01-05,R36,2221,2355,17.6,0.0,0,0,518739,0.8008
2021-01-06,R36,2242,2437,25.0,0.0,0,0,513852,0.8934
2021-01-07,R36,2473,2959,24.6,0.0,0,0,524172,0.8223
2021-01-08,R36,2591,2882,24.8,5.9,0,0,520809,0.7995
2021-01-09,R36,2234,2503,21.1,0.0,0,0,517673,0.813
2021-01-10,R36,2232,2612,22.9,10.8,0,0,518031,0.8344
2021-01-11,R36,2021,2350,22.5,2.5,0,0,517301,0.8425
2021-01-12,R36,1871,2299,24.0,0.6,0,0,520066,0.8873
2021-01-13,R36,3279,3449,20.0,0.0,1,0,521075,0.9263
2021-01-14,R36,3400,3480,19.1,6.7,1,0,519089,0.8874
2021-01-15,R36,3635,3676,21.2,3.0,1,0,522047,0.812
2021-01-16,R36,3095,3263,17.0,0.0,1,0,514068,0.8522
2021-01-17,R36,3009,3235,22.3,1.7,1,0,519221,0.843
2021-01-18,R36,1952,2075,21.1,6.1,0,0,519652,0.8472
2021-01-19,R36,1847,2166,21.9,5.4,0,0,521174,0.8086
2021-01-20,R36,1981,2172,24.5,4.4,0,0,519750,0.8733
2021-01-21,R36,1706,2054,22.9,0.0,0,0,523733,0.9025
2021-01-22,R36,2064,2462,19.4,0.0,0,0,519214,0.8548
2021-01-23,R36,1961,2318,20.4,0.0,0,0,522081,0.8154
2021-01-24,R36,2219,2539,14.3,3.8,0,0,521297,0.8834
2021-01-25,R36,6642,10851,24.2,3.9,1,1,522421,0.796
2021-01-26,R36,2209,2386,18.8,0.0,1,0,519375,0.7814
2021-01-27,R36,2482,2647,21.9,1.3,1,0,517375,0.9464
2021-01-28,R36,2097,2552,26.1,1.5,0,0,520638,0.8506
2021-01-29,R36,2075,2503,23.6,0.0,0,0,517905,0.8385
2021-01-30,R36,2211,2645,25.2,0.0,0,0,519419,0.7899
2021-01-01,R37,2051,2490,22.7,8.2,0,0,191002,0.8107
2021-01-02,R37,1986,2386,24.4,0.0,0,0,187944,0.8019
2021-01-03,R37,1858,2058,26.1,5.1,0,0,191541,0.7592
2021-01-04,R37,1804,2197,23.1,2.1,0,0,191365,0.7414
2021-01-05,R37,1720,1809,22.9,6.5,0,0,191456,0.7772
2021-01-06,R37,1880,2132,25.8,6.8,0,0,189697,0.7092
2021-01-07,R37,1873,2141,20.3,0.0,0,0,189113,0.8074
2021-01-08,R37,1963,2449,23.9,1.4,0,0,189873,0.7656
2021-01-09,R37,1969,2221,20.4,5.6,0,0,190186,0.7432
2021-01-10,R37,1772,2156,25.9,3.9,0,0,191348,0.7444
2021-01-11,R37,1773,2023,18.4,0.0,0,0,189779,0.7601
2021-01-12,R37,1861,1999,18.4,2.6,0,0,189161,0.8499
2021-01-13,R37,2417,2644,17.6,0.0,1,0,189940,0.7805
2021-01-14,R37,3038,3383,22.2,0.0,1,0,191209,0.7416
2021-01-15,R37,2820,2975,19.8,0.1,1,0,190391,0.6981
2021-01-16,R37,2703,2758,22.1,0.0,1,0,190473,0.7847
2021-01-17,R37,2441,2664,23.7,1.6,1,0,189448,0.7743
2021-01-18,R37,1926,2150,22.1,6.5,0,0,188571,0.7802
2021-01-19,R37,1446,1611,18.5,0.0,0,0,190611,0.7256
2021-01-20,R37,1852,2043,22.1,0.0,0,0,189035,0.7751
2021-01-21,R37,1870,1927,19.5,5.6,0,0,190425,0.7263
2021-01-22,R37,1870,2068,19.8,0.9,0,0,188053,0.768
2021-01-23,R37,1978,2030,22.0,6.3,0,0,191061,0.7065
2021-01-24,R37,1696,2015,30.2,9.7,0,0,190471,0.7931
2021-01-25,R37,1800,2040,22.3,12.5,1,0,188940,0.7357
2021-01-26,R37,2910,5234,24.7,5.0,1,1,190265,0.8069
2021-01-27,R37,3281,5762,21.4,0.9,1,1,188766,0.7329
2021-01-28,R37,2797,5140,23.0,0.0,0,1,190149,0.8027
2021-01-29,R37,2871,5238,22.2,2.3,0,1,190626,0.7305
2021-01-30,R37,2806,4928,23.5,0.0,0,1,189678,0.8169
2021-01-01,R38,1437,1503,22.4,3.4,0,0,61250,0.7579
2021-01-02,R38,1190,1405,15.8,6.5,0,0,62321,0.7118
2021-01-03,R38,2075,3400,17.8,0.0,0,1,62454,0.4392
2021-01-04,R38,1616,3016,19.6,3.8,0,1,61839,0.4367
2021-01-05,R38,1858,2928,19.9,2.3,0,1,62273,0.4536
2021-01-06,R38,2060,3155,27.3,6.8,0,1,62051,0.409
2021-01-07,R38,2252,3247,24.6,4.8,0,1,61994,0.4242
2021-01-08,R38,1915,3252,18.7,4.2,0,1,61798,0.4135
2021-01-09,R38,1924,3392,22.2,0.0,0,1,61459,0.4683
2021-01-10,R38,1786,2799,21.2,5.4,0,1,61656,0.4734
2021-01-11,R38,1821,3077,26.0,1.6,0,1,62193,0.4565
2021-01-12,R38,2004,2818,15.0,0.2,0,1,61775,0.4177
2021-01-13,R38,3129,4178,23.0,3.6,1,1,62233,0.3625
2021-01-14,R38,2451,4036,15.5,2.1,1,1,61700,0.472
2021-01-15,R38,3145,4105,24.0,0.0,1,1,61605,0.3536
2021-01-16,R38,2354,3990,24.7,2.9,1,1,62365,0.4841
2021-01-17,R38,2788,3812,17.3,4.2,1,1,62734,0.4551
2021-01-18,R38,17891,27615,24.5,0.0,0,1,62170,0.5044
2021-01-19,R38,15512,24570,23.7,0.0,0,1,62133,0.4983
2021-01-20,R38,16225,25173,23.0,0.4,0,1,61919,0.4756
2021-01-21,R38,18176,27384,22.1,1.0,0,1,61789,0.4714
2021-01-22,R38,18508,27847,21.7,0.1,0,1,62082,0.4137
2021-01-23,R38,6994,10587,14.6,0.0,0,1,62460,0.4352
2021-01-24,R38,1495,1666,21.9,0.0,0,0,61801,0.5734
2021-01-25,R38,1585,1651,22.6,0.0,1,0,62304,0.5132
2021-01-26,R38,1516,1557,21.2,4.8,1,0,62217,0.6728
2021-01-27,R38,1558,1606,23.1,0.0,1,0,61967,0.5851
2021-01-28,R38,1273,1445,21.9,1.2,0,0,62285,0.6291
2021-01-29,R38,1363,1677,24.2,0.0,0,0,61826,0.6528
2021-01-30,R38,1338,1491,22.0,0.0,0,0,62122,0.7154
2021-01-01,R39,2462,2638,8.2,2.7,0,0,1850277,0.8991
2021-01-02,R39,2596,2834,10.4,7.8,0,0,1833589,0.8381
2021-01-03,R39,2110,2356,14.9,1.9,0,0,1860278,0.8581
2021-01-04,R39,2086,2582,9.4,0.0,0,0,1841738,0.7954
2021-01-05,R39,2162,2419,14.0,3.8,0,0,1850909,0.8984
2021-01-06,R39,2083,2536,10.0,0.0,0,0,1844754,0.8634
2021-01-07,R39,9012,13753,7.8,0.0,0,1,1849978,0.8278
2021-01-08,R39,8497,13036,12.8,4.7,0,1,1828533,0.8646
2021-01-09,R39,2701,2810,12.8,5.5,0,0,1866460,0.9079
2021-01-10,R39,2522,2715,11.4,9.5,0,0,1840227,0.8865
2021-01-11,R39,2528,2874,7.5,2.7,0,0,1861696,0.8871
2021-01-12,R39,2000,2194,14.8,5.4,0,0,1861035,0.8092
2021-01-13,R39,2910,3043,13.4,5.6,1,0,1850271,0.8964
2021-01-14,R39,3137,3590,15.7,6.2,1,0,1842061,0.824
2021-01-15,R39,3326,3457,12.0,4.0,1,0,1857921,0.898
2021-01-16,R39,2698,2972,12.0,1.2,1,0,1842851,0.8651
2021-01-17,R39,2799,3167,11.1,3.8,1,0,1850040,0.7331
2021-01-18,R39,1882,2221,12.4,0.0,0,0,1855380,0.8569
2021-01-19,R39,1712,2134,15.6,0.9,0,0,1851661,0.8923
2021-01-20,R39,2389,2671,5.1,0.0,0,0,1846470,0.8359
2021-01-21,R39,2175,2207,10.4,5.2,0,0,1853875,0.7471
2021-01-22,R39,1922,2275,9.7,14.3,0,0,1852088,0.8494
2021-01-23,R39,2082,2458,10.9,0.0,0,0,1826949,0.8793
2021-01-24,R39,2040,2330,10.9,0.0,0,0,1857822,0.8534
2021-01-25,R39,2392,2520,16.1,0.0,1,0,1846084,0.9201
2021-01-26,R39,2445,2492,11.8,8.3,1,0,1848169,0.9512
2021-01-27,R39,2147,2350,10.5,0.0,1,0,1850952,0.8255
2021-01-28,R39,6100,8459,11.3,4.8,0,1,1839402,0.9054
2021-01-29,R39,2391,2697,15.6,1.3,0,0,1873110,0.8677
2021-01-30,R39,2087,2479,8.3,0.0,0,0,1858216,0.9662
2021-01-01,R40,1404,1743,13.1,0.0,0,0,1412383,0.9372
2021-01-02,R40,1526,1781,13.4,0.0,0,0,1427355,0.9035
2021-01-03,R40,1527,1625,12.8,4.6,0,0,1417475,0.8988
2021-01-04,R40,1511,1628,11.2,1.7,0,0,1426573,0.8826
2021-01-05,R40,1254,1509,15.4,1.9,0,0,1439135,0.8329
2021-01-06,R40,1419,1568,10.6,8.4,0,0,1419952,0.9209
2021-01-07,R40,1652,1708,13.9,1.4,0,0,1420042,0.8776
2021-01-08,R40,1461,1673,7.0,0.0,0,0,1415140,0.8252
2021-01-09,R40,1558,1756,13.5,3.0,0,0,1427168,0.9709
2021-01-10,R40,1327,1603,10.6,0.0,0,0,1425026,0.9153
2021-01-11,R40,1307,1558,13.2,6.2,0,0,1421523,0.9081
2021-01-12,R40,1328,1474,12.5,2.2,0,0,1429405,0.9517
2021-01-13,R40,1956,2177,12.9,6.8,1,0,1422190,0.9087
2021-01-14,R40,2170,2383,11.7,0.0,1,0,1418434,0.8158
2021-01-15,R40,2364,2435,11.0,0.0,1,0,1421865,0.7856
2021-01-16,R40,2019,2262,14.8,1.5,1,0,1415473,0.8776
2021-01-17,R40,1981,2240,5.9,9.9,1,0,1427871,0.8604
2021-01-18,R40,1685,1779,5.6,0.0,0,0,1419359,0.9008
2021-01-19,R40,1138,1406,14.0,0.0,0,0,1421303,0.9121
2021-01-20,R40,1153,1410,15.0,0.0,0,0,1432163,0.9393
2021-01-21,R40,1291,1523,17.4,0.0,0,0,1421513,0.8018
2021-01-22,R40,1351,1606,12.8,0.6,0,0,1424216,0.8822
2021-01-23,R40,1396,1656,10.2,2.5,0,0,1420534,0.906
2021-01-24,R40,1292,1636,15.7,5.5,0,0,1421883,0.8457
2021-01-25,R40,1568,1720,15.3,0.0,1,0,1416420,0.8581
2021-01-26,R40,1507,1620,16.1,13.4,1,0,1423725,0.9613
2021-01-27,R40,1687,1738,12.5,0.0,1,0,1420298,0.8899
2021-01-28,R40,1364,1539,8.6,0.0,0,0,1428803,0.8633
2021-01-29,R40,1409,1701,15.1,5.8,0,0,1415791,0.8912
2021-01-30,R40,1413,1663,14.3,0.4,0,0,1417361,0.8295
2021-01-01,R41,1463,1671,24.9,0.3,0,0,781739,0.8639
2021-01-02,R41,1570,1912,25.4,0.0,0,0,780111,0.9112
2021-01-03,R41,1402,1602,21.9,2.0,0,0,774789,0.933
2021-01-04,R41,2014,3307,22.2,0.5,0,1,777642,0.865
2021-01-05,R41,2015,3225,17.4,0.0,0,1,778731,0.9156
2021-01-06,R41,2113,3429,31.0,5.2,0,1,782765,0.8879
2021-01-07,R41,2387,3839,27.7,0.7,0,1,779409,0.9127
2021-01-08,R41,2164,3499,23.4,0.0,0,1,776029,0.838
2021-01-09,R41,2383,3978,24.9,1.2,0,1,782904,0.8505
2021-01-10,R41,1424,1477,24.1,4.1,0,0,783691,0.8981
2021-01-11,R41,1468,1655,28.9,0.0,0,0,789592,0.8532
2021-01-12,R41,1237,1366,28.4,0.0,0,0,778805,0.9042
2021-01-13,R41,1715,1938,27.8,10.0,1,0,784068,0.8703
2021-01-14,R41,2096,2244,22.0,1.6,1,0,776977,0.8885
2021-01-15,R41,2337,2352,22.4,0.0,1,0,785388,0.884
2021-01-16,R41,2162,2421,19.5,0.0,1,0,776711,0.8277
2021-01-17,R41,1839,2020,23.6,0.0,1,0,781072,0.8625
2021-01-18,R41,1290,1440,22.4,2.5,0,0,783209,0.9677
2021-01-19,R41,1380,1464,27.0,7.7,0,0,777113,0.8482
2021-01-20,R41,1325,1461,24.2,3.1,0,0,773449,0.8927
2021-01-21,R41,1309,1457,27.8,0.0,0,0,777537,0.9315
2021-01-22,R41,1603,1782,23.8,0.0,0,0,775573,0.8733
2021-01-23,R41,1165,1365,19.1,7.0,0,0,766873,0.9179
2021-01-24,R41,2772,4598,25.3,7.8,0,1,783469,0.9278
2021-01-25,R41,3500,5795,25.8,2.9,1,1,787766,0.8821
2021-01-26,R41,3046,4900,19.9,0.0,1,1,777792,0.8619
2021-01-27,R41,3130,5227,24.5,6.6,1,1,785234,0.8539
2021-01-28,R41,1426,1666,20.9,0.6,0,0,783755,0.9698
2021-01-29,R41,1459,1585,28.3,0.0,0,0,782062,0.8595
2021-01-30,R41,1617,1754,24.3,2.5,0,0,778173,0.849
2021-01-01,R42,1898,2360,23.1,0.0,0,0,340734,0.8612
2021-01-02,R42,2455,2656,17.6,0.8,0,0,336835,0.8386
2021-01-03,R42,2217,2342,18.5,1.0,0,0,343371,0.8367
2021-01-04,R42,1802,1975,16.3,0.0,0,0,340530,0.7998
2021-01-05,R42,1941,2098,13.2,2.2,0,0,339202,0.85
2021-01-06,R42,1892,2018,15.6,5.1,0,0,341784,0.8313
2021-01-07,R42,2249,2401,15.2,4.7,0,0,338743,0.819
2021-01-08,R42,1863,2246,18.5,7.3,0,0,339768,0.8932
2021-01-09,R42,2116,2240,18.7,7.3,0,0,340072,0.8486
2021-01-10,R42,1752,2095,18.7,11.0,0,0,343385,0.773
2021-01-11,R42,1860,1978,11.9,7.3,0,0,340571,0.877
2021-01-12,R42,1936,2103,15.1,0.0,0,0,336158,0.7233
2021-01-13,R42,2584,2695,22.9,0.0,1,0,338545,0.8935
2021-01-14,R42,3591,4697,26.8,0.2,1,1,344435,0.6982
2021-01-15,R42,4227,5645,27.3,7.8,1,1,339870,0.6722
2021-01-16,R42,2656,4542,24.6,0.0,1,1,340458,0.6467
2021-01-17,R42,3086,4678,21.1,0.0,1,1,340965,0.6573
2021-01-18,R42,1913,3484,29.2,0.0,0,1,340801,0.722
2021-01-19,R42,1960,3054,26.3,0.8,0,1,342019,0.7364
2021-01-20,R42,1799,2165,18.0,0.0,0,0,343651,0.7613
2021-01-21,R42,1973,2272,15.6,3.6,0,0,339315,0.7961
2021-01-22,R42,1742,2180,20.9,0.0,0,0,338441,0.8235
2021-01-23,R42,1948,2100,20.5,0.0,0,0,341071,0.8432
2021-01-24,R42,1586,1942,16.3,7.3,0,0,340926,0.8143
2021-01-25,R42,2183,2396,20.9,3.0,1,0,338260,0.8465
2021-01-26,R42,2038,2241,23.4,3.5,1,0,339239,0.8487
2021-01-27,R42,2366,2497,17.1,2.2,1,0,340555,0.8457
2021-01-28,R42,1910,2082,18.8,4.5,0,0,340582,0.8534
2021-01-29,R42,1726,2030,15.7,0.0,0,0,339824,0.8056
2021-01-30,R42,1958,2059,16.4,3.1,0,0,340947,0.833
2021-01-01,R43,939,1124,18.7,4.4,0,0,72089,0.7094
2021-01-02,R43,1056,1208,21.3,3.6,0,0,72228,0.7685
2021-01-03,R43,941,1109,9.9,6.6,0,0,71878,0.7232
2021-01-04,R43,988,1148,18.7,0.0,0,0,71817,0.665
2021-01-05,R43,859,991,17.6,3.8,0,0,71921,0.7558
2021-01-06,R43,850,993,21.0,2.6,0,0,71305,0.7699
2021-01-07,R43,843,890,19.2,9.8,0,0,71820,0.7981
2021-01-08,R43,952,1153,20.0,1.4,0,0,72141,0.7942
2021-01-09,R43,1009,1209,23.1,0.0,0,0,72283,0.8343
2021-01-10,R43,951,1140,13.2,3.6,0,0,72533,0.7882
2021-01-11,R43,976,1082,17.4,1.7,0,0,72000,0.7411
2021-01-12,R43,889,920,14.2,0.0,0,0,72065,0.7855
2021-01-13,R43,1199,1199,18.3,0.0,1,0,71660,0.7944
2021-01-14,R43,1260,1441,12.2,0.0,1,0,72192,0.841
2021-01-15,R43,1532,1532,11.6,0.3,1,0,71879,0.7464
2021-01-16,R43,1299,1388,16.2,3.6,1,0,72493,0.7144
2021-01-17,R43,1296,1373,15.7,3.6,1,0,72203,0.7166
2021-01-18,R43,953,1037,20.5,5.1,0,0,72324,0.7818
2021-01-19,R43,801,925,13.1,0.6,0,0,72287,0.7725
2021-01-20,R43,908,1006,15.1,7.6,0,0,72229,0.7163
2021-01-21,R43,821,990,19.4,0.0,0,0,72152,0.7878
2021-01-22,R43,914,1085,17.4,9.2,0,0,71974,0.7421
2021-01-23,R43,888,979,15.2,1.2,0,0,71570,0.7953
2021-01-24,R43,977,1031,16.4,2.9,0,0,72290,0.7588
2021-01-25,R43,961,1047,14.3,0.0,1,0,72235,0.7712
2021-01-26,R43,1053,1096,13.0,0.0,1,0,71580,0.728
2021-01-27,R43,1075,1189,17.5,1.9,1,0,71703,0.7095
2021-01-28,R43,834,1035,17.3,5.3,0,0,71923,0.7405
2021-01-29,R43,890,1052,19.9,5.9,0,0,71774,0.801
2021-01-30,R43,1032,1133,11.2,3.9,0,0,72155,0.6574
2021-01-01,R44,590,638,14.5,0.2,0,0,637865,0.9521
2021-01-02,R44,586,668,7.9,4.1,0,0,640477,1.0
2021-01-03,R44,519,622,6.7,2.4,0,0,641525,0.9416
2021-01-04,R44,468,602,9.6,0.0,0,0,642635,0.9475
2021-01-05,R44,591,622,15.3,15.0,0,0,633191,0.8853
2021-01-06,R44,1300,2037,8.6,5.2,0,1,635889,0.9243
2021-01-07,R44,628,720,10.9,0.0,0,0,636704,0.9367
2021-01-08,R44,570,684,12.8,0.0,0,0,641791,0.9328
2021-01-09,R44,600,681,7.9,6.2,0,0,637019,0.9523
2021-01-10,R44,530,642,16.4,0.0,0,0,644872,0.8814
2021-01-11,R44,611,638,8.8,0.0,0,0,632960,0.9356
2021-01-12,R44,478,586,11.8,0.0,0,0,638901,0.9143
2021-01-13,R44,727,796,12.2,0.0,1,0,641978,0.8888
2021-01-14,R44,787,802,11.9,4.2,1,0,642569,0.9607
2021-01-15,R44,905,924,14.9,0.0,1,0,634615,0.8549
2021-01-16,R44,993,1030,4.3,0.0,1,0,641357,0.8785
2021-01-17,R44,758,870,11.1,0.0,1,0,642422,0.9462
2021-01-18,R44,399,460,10.5,0.0,0,0,635572,0.9701
2021-01-19,R44,460,524,17.8,1.3,0,0,641523,0.9212
2021-01-20,R44,542,572,9.5,0.2,0,0,636725,0.8692
2021-01-21,R44,568,634,6.1,0.0,0,0,642908,0.8748
2021-01-22,R44,472,553,8.9,0.0,0,0,641074,0.9712
2021-01-23,R44,630,682,7.7,0.0,0,0,637258,0.8854
2021-01-24,R44,474,526,14.5,4.4,0,0,645961,0.9692
2021-01-25,R44,543,598,11.6,2.7,1,0,641853,0.9711
2021-01-26,R44,565,572,13.4,7.8,1,0,643672,0.9398
2021-01-27,R44,638,719,15.2,10.1,1,0,637712,0.9009
2021-01-28,R44,475,593,7.8,9.3,0,0,639495,0.9968
2021-01-29,R44,567,641,15.7,11.6,0,0,635146,0.8477
2021-01-30,R44,541,652,8.9,0.0,0,0,637532,0.8701
2021-01-01,R45,686,808,7.7,0.2,0,0,478301,0.8857
2021-01-02,R45,741,846,16.3,3.2,0,0,477789,0.9456
2021-01-03,R45,641,775,13.7,5.1,0,0,481850,0.8615
2021-01-04,R45,690,755,15.7,5.6,0,0,482080,0.9619
2021-01-05,R45,574,622,14.0,0.0,0,0,477968,0.8741
2021-01-06,R45,613,677,11.8,0.0,0,0,481951,0.9475
2021-01-07,R45,675,762,11.8,0.0,0,0,481390,0.9309
2021-01-08,R45,675,760,9.2,6.0,0,0,477343,0.9287
2021-01-09,R45,700,756,9.1,6.1,0,0,482451,0.8896
2021-01-10,R45,607,668,12.9,0.0,0,0,481189,0.9437
2021-01-11,R45,654,747,6.4,0.0,0,0,486943,0.9038
2021-01-12,R45,570,653,8.8,5.6,0,0,478590,0.9322
2021-01-13,R45,853,900,11.4,0.2,1,0,478936,0.9287
2021-01-14,R45,949,957,10.3,1.4,1,0,480428,0.888
2021-01-15,R45,1013,1043,11.9,2.1,1,0,482043,0.9305
2021-01-16,R45,865,897,13.0,2.6,1,0,479235,0.889
2021-01-17,R45,805,846,10.8,2.4,1,0,484048,0.9474
2021-01-18,R45,555,606,9.1,0.0,0,0,481040,0.857
2021-01-19,R45,557,630,7.7,4.3,0,0,477437,0.9871
2021-01-20,R45,572,641,17.1,0.0,0,0,478484,0.9825
2021-01-21,R45,622,722,12.1,2.5,0,0,481405,0.8657
2021-01-22,R45,682,808,10.2,6.4,0,0,482570,0.7981
2021-01-23,R45,585,646,11.7,6.9,0,0,483215,0.9026
2021-01-24,R45,522,644,11.4,14.0,0,0,481301,0.9171
2021-01-25,R45,1740,2623,14.4,0.0,1,1,479718,0.949
2021-01-26,R45,1619,2506,11.7,1.5,1,1,478976,0.8968
2021-01-27,R45,1565,2497,11.1,5.3,1,1,483679,0.884
2021-01-28,R45,1322,2037,7.3,0.0,0,1,483644,0.9511
2021-01-29,R45,1607,2391,13.6,1.6,0,1,476508,0.9258
2021-01-30,R45,588,729,18.2,3.2,0,0,480900,0.9254
2021-01-01,R46,2108,2432,22.7,0.5,0,0,860939,0.8611
2021-01-02,R46,2027,2320,22.0,0.0,0,0,861689,0.8341
2021-01-03,R46,1908,2208,18.8,0.0,0,0,857604,0.8313
2021-01-04,R46,1731,2130,13.4,0.0,0,0,864415,0.8115
2021-01-05,R46,1731,1956,15.9,0.0,0,0,863930,0.8507
2021-01-06,R46,1825,1971,16.6,1.6,0,0,854422,0.8573
2021-01-07,R46,2127,2338,20.3,0.8,0,0,862909,0.8086
2021-01-08,R46,2016,2315,21.4,0.0,0,0,855307,0.8849
2021-01-09,R46,1823,2160,15.1,12.6,0,0,870794,0.8136
2021-01-10,R46,1803,2254,16.1,8.8,0,0,859029,0.8078
2021-01-11,R46,1831,2013,12.3,0.2,0,0,858728,0.8371
2021-01-12,R46,1971,2160,19.3,8.3,0,0,860272,0.8184
2021-01-13,R46,2528,2856,19.1,0.0,1,0,852150,0.8606
2021-01-14,R46,2489,2770,16.6,0.0,1,0,856004,0.813
2021-01-15,R46,2857,3062,17.4,1.3,1,0,860803,0.8276
2021-01-16,R46,2627,2739,17.4,0.0,1,0,861845,0.9051
2021-01-17,R46,2455,2554,17.3,0.0,1,0,856405,0.9116
2021-01-18,R46,1987,2195,21.8,0.0,0,0,856687,0.8732
2021-01-19,R46,5025,7469,21.3,0.0,0,1,867747,0.8762
2021-01-20,R46,4857,7411,15.6,0.0,0,1,858936,0.8707
2021-01-21,R46,1922,2028,18.2,0.0,0,0,863837,0.9272
2021-01-22,R46,2106,2257,18.0,3.5,0,0,866220,0.8168
2021-01-23,R46,1878,2221,15.6,2.6,0,0,859765,0.8479
2021-01-24,R46,1827,2188,17.5,6.2,0,0,859165,0.8429
2021-01-25,R46,2002,2058,18.5,11.1,1,0,855917,0.892
2021-01-26,R46,2123,2235,21.5,0.0,1,0,860156,0.898
2021-01-27,R46,2286,2313,16.8,3.4,1,0,867304,0.8877
2021-01-28,R46,1622,1962,19.5,0.0,0,0,867646,0.8702
2021-01-29,R46,1911,2209,16.6,0.4,0,0,855601,0.9145
2021-01-30,R46,1594,1882,18.8,1.3,0,0,860913,0.8461
2021-01-01,R47,1300,1606,18.7,0.0,0,0,725411,0.8659
2021-01-02,R47,1246,1585,26.9,0.0,0,0,717284,0.91
2021-01-03,R47,1242,1415,21.7,0.5,0,0,718065,0.8678
2021-01-04,R47,1095,1409,18.7,0.0,0,0,718992,0.8358
2021-01-05,R47,1129,1285,11.3,7.1,0,0,721900,0.9272
2021-01-06,R47,1100,1332,19.9,3.2,0,0,717272,0.9509
2021-01-07,R47,1843,3274,15.0,2.0,0,1,717856,0.5298
2021-01-08,R47,1921,3489,21.5,8.8,0,1,721174,0.5618
2021-01-09,R47,2109,3440,15.2,2.2,0,1,717769,0.6107
2021-01-10,R47,2400,3499,17.2,0.0,0,1,724168,0.589
2021-01-11,R47,2434,3215,16.7,3.3,0,1,722702,0.5809
2021-01-12,R47,1870,3150,18.1,3.1,0,1,721220,0.6015
2021-01-13,R47,2361,4169,15.0,6.9,1,1,713043,0.6299
2021-01-14,R47,2732,3806,11.8,0.0,1,1,723553,0.5353
2021-01-15,R47,2799,4552,19.8,0.0,1,1,715745,0.6222
2021-01-16,R47,2715,4487,22.9,0.0,1,1,723313,0.5508
2021-01-17,R47,2806,3661,19.3,0.0,1,1,713012,0.5619
2021-01-18,R47,1835,2981,20.6,0.0,0,1,718709,0.6007
2021-01-19,R47,1768,2637,19.8,5.9,0,1,717496,0.6448
2021-01-20,R47,2356,3048,22.4,1.4,0,1,715145,0.4721
2021-01-21,R47,2120,3092,15.0,1.7,0,1,716917,0.6214
2021-01-22,R47,1830,3021,14.7,0.0,0,1,721952,0.5219
2021-01-23,R47,2500,3380,18.4,0.4,0,1,720947,0.5575
2021-01-24,R47,2074,2847,23.4,5.1,0,1,717434,0.5673
2021-01-25,R47,2110,3170,19.8,0.0,1,1,717792,0.6179
2021-01-26,R47,1860,3323,17.1,5.5,1,1,718783,0.5427
2021-01-27,R47,1572,1808,19.9,0.0,1,0,715869,0.7888
2021-01-28,R47,1554,1575,15.2,0.0,0,0,721290,0.8045
2021-01-29,R47,1512,1787,22.4,6.0,0,0,723024,0.7303
2021-01-30,R47,1391,1733,20.3,0.0,0,0,716463,0.7418
2021-01-01,R48,2151,2406,16.7,2.9,0,0,390652,0.899
2021-01-02,R48,1863,2279,18.0,1.8,0,0,391355,0.8357
2021-01-03,R48,1833,2260,21.6,0.0,0,0,387682,0.7882
2021-01-04,R48,1796,2152,14.6,0.0,0,0,389157,0.8196
2021-01-05,R48,1549,1792,18.0,5.3,0,0,391327,0.8555
2021-01-06,R48,2021,2145,17.7,6.1,0,0,390700,0.8256
2021-01-07,R48,1871,2184,19.2,0.0,0,0,388501,0.8793
2021-01-08,R48,2095,2417,16.5,5.6,0,0,389449,0.7932
2021-01-09,R48,1770,1939,25.4,4.3,0,0,390434,0.8645
2021-01-10,R48,1820,2091,14.2,0.0,0,0,387571,0.8193
2021-01-11,R48,1851,1991,18.4,0.8,0,0,386260,0.8531
2021-01-12,R48,1846,2034,17.9,0.0,0,0,391905,0.8564
2021-01-13,R48,2275,2419,16.3,11.7,1,0,389622,0.7798
2021-01-14,R48,2691,3013,19.8,2.7,1,0,389925,0.8694
2021-01-15,R48,3077,3192,20.3,4.2,1,0,389761,0.8292
2021-01-16,R48,2611,2986,14.6,0.5,1,0,388846,0.9075
2021-01-17,R48,2231,2439,19.9,0.0,1,0,390870,0.7289
2021-01-18,R48,1651,1916,13.3,0.1,0,0,393327,0.8287
2021-01-19,R48,1520,1680,18.6,1.8,0,0,390852,0.7963
2021-01-20,R48,1779,1821,21.5,4.5,0,0,394293,0.8181
2021-01-21,R48,1766,2022,12.4,0.0,0,0,387930,0.8638
2021-01-22,R48,1740,1976,18.3,4.5,0,0,389097,0.7571
2021-01-23,R48,1807,2066,21.6,0.0,0,0,389911,0.8287
2021-01-24,R48,1776,1955,18.9,0.0,0,0,389002,0.8573
2021-01-25,R48,2327,2438,17.4,0.6,1,0,389509,0.7753
2021-01-26,R48,2110,2254,17.6,7.2,1,0,389978,0.8332
2021-01-27,R48,2001,2097,16.8,0.0,1,0,389473,0.8421
2021-01-28,R48,1870,2133,12.0,1.4,0,0,390996,0.829
2021-01-29,R48,1689,1891,17.1,0.8,0,0,387380,0.8259
2021-01-30,R48,1887,2278,10.3,2.7,0,0,388133,0.7631
2021-01-01,R49,201,240,20.4,3.3,0,0,577699,1.0
2021-01-02,R49,200,235,24.5,8.5,0,0,578816,0.95
2021-01-03,R49,192,234,22.6,0.7,0,0,584738,0.9143
2021-01-04,R49,192,208,20.9,0.0,0,0,579958,0.9518
2021-01-05,R49,197,220,20.4,3.8,0,0,578073,0.9231
2021-01-06,R49,187,204,28.4,0.0,0,0,577186,0.9797
2021-01-07,R49,198,235,25.6,0.0,0,0,578033,0.9166
2021-01-08,R49,194,214,23.2,0.0,0,0,580429,0.9161
2021-01-09,R49,227,243,27.2,11.9,0,0,578269,0.9917
2021-01-10,R49,204,244,20.4,4.2,0,0,573557,1.0
2021-01-11,R49,180,212,21.6,3.0,0,0,583208,0.9453
2021-01-12,R49,183,197,29.2,0.0,0,0,584948,0.9083
2021-01-13,R49,266,274,24.1,0.0,1,0,579483,0.9573
2021-01-14,R49,296,332,23.5,0.8,1,0,580842,0.8706
2021-01-15,R49,260,295,24.7,13.1,1,0,577496,1.0
2021-01-16,R49,259,289,29.1,6.9,1,0,575345,0.9855
2021-01-17,R49,262,273,24.5,1.2,1,0,583392,1.0
2021-01-18,R49,184,194,20.6,1.6,0,0,586293,0.9646
2021-01-19,R49,166,203,23.5,0.0,0,0,581412,0.9019
2021-01-21,R49,186,219,21.8,3.8,0,0,581652,0.8846
2021-01-22,R49,188,221,29.6,11.8,0,0,583232,0.9302
2021-01-23,R49,174,204,25.1,1.9,0,0,581682,0.9613
2021-01-24,R49,187,206,24.7,0.0,0,0,582179,0.9422
2021-01-25,R49,209,233,20.8,0.0,1,0,582675,0.8971
2021-01-26,R49,223,235,26.3,2.7,1,0,582239,0.9544
2021-01-27,R49,222,242,19.8,0.0,1,0,584713,0.9087
2021-01-28,R49,163,196,24.6,3.5,0,0,585002,0.8995
2021-01-29,R49,222,225,22.3,0.0,0,0,577291,0.9386
2021-01-30,R49,198,217,22.8,0.4,0,0,585844,0.9267
2021-01-31,R49,195,206,17.6,4.2,0,0,582337,0.8922
2021-01-01,R50,329,347,13.3,0.0,0,0,146320,1.0
2021-01-02,R50,350,378,10.1,14.0,0,0,144604,0.9064
2021-01-03,R50,272,336,9.0,2.8,0,0,146277,0.8938
2021-01-04,R50,321,366,5.3,9.7,0,0,145280,0.9275
2021-01-05,R50,270,296,13.4,4.8,0,0,145450,0.9553
2021-01-06,R50,302,317,11.3,9.2,0,0,143873,0.9588
2021-01-07,R50,289,322,13.2,4.6,0,0,145133,0.8997
2021-01-08,R50,342,361,9.5,5.9,0,0,144356,0.9211
2021-01-09,R50,282,339,13.1,4.8,0,0,145037,0.871
2021-01-10,R50,280,342,11.5,0.0,0,0,145049,0.8148
2021-01-11,R50,260,315,9.6,3.0,0,0,145188,0.9896
2021-01-12,R50,260,298,8.9,5.4,0,0,144566,0.9357
2021-01-13,R50,393,418,12.2,0.6,1,0,145213,0.8782
2021-01-14,R50,391,437,7.5,3.9,1,0,146611,0.8611
2021-01-15,R50,384,446,15.0,0.0,1,0,144951,0.9382
2021-01-16,R50,441,449,6.8,0.0,1,0,145664,0.8637
2021-01-17,R50,356,366,12.6,0.0,1,0,145482,0.8911
2021-01-18,R50,277,314,12.8,2.1,0,0,145532,0.8259
2021-01-19,R50,254,291,11.7,3.1,0,0,144404,0.8312
2021-01-20,R50,286,305,13.0,0.9,0,0,144632,0.9127
2021-01-21,R50,260,289,12.8,2.4,0,0,144016,0.9329
2021-01-22,R50,294,328,10.4,4.4,0,0,145153,0.952
2021-01-23,R50,279,316,7.4,2.2,0,0,145709,0.8649
2021-01-24,R50,241,290,15.5,0.0,0,0,145432,0.9464
2021-01-25,R50,323,347,12.3,0.3,1,0,147104,0.8486
2021-01-26,R50,311,326,8.8,0.0,1,0,144671,0.9054
2021-01-27,R50,345,359,20.0,0.0,1,0,146031,0.8994
2021-01-28,R50,238,286,9.3,3.8,0,0,144367,0.9508
2021-01-29,R50,295,329,13.2,0.8,0,0,145013,0.9733
2021-01-30,R50,261,312,13.7,0.0,0,0,143548,0.9186
