ds,y,Festival_Flag,Disaster_Flag,Rainfall,Temperature
2021-01-01,124353,0,1,2.04,18.114
2021-01-02,126614,0,1,2.98,18.45
2021-01-03,126048,0,1,2.772,18.264
2021-01-04,117499,0,1,2.408,17.278
2021-01-05,103715,0,1,2.772,17.344
2021-01-06,112615,0,1,2.884,18.78
2021-01-07,129234,0,1,2.53,17.766
2021-01-08,131479,0,1,2.968,17.768
2021-01-09,120216,0,1,2.784,18.002
2021-01-10,130394,0,1,4.2,18.114
2021-01-11,125527,0,1,3.14,17.128
2021-01-12,117357,0,1,2.5460000000000003,17.764
2021-01-13,198181,1,1,2.5540000000000003,18.426
2021-01-14,194496,1,1,2.504,17.692
2021-01-15,171367,1,1,2.576,18.362000000000002
2021-01-16,146118,1,1,2.898,18.082
2021-01-17,151383,1,1,1.9280000000000002,18.06
2021-01-18,133734,0,1,2.8020408163265307,17.512244897959185
2021-01-19,131410,0,1,2.83,18.164
2021-01-20,144226,0,1,2.0122448979591834,17.816326530612244
2021-01-21,143962,0,1,2.076,18.012
2021-01-22,133583,0,1,2.4819999999999998,17.518
2021-01-23,117721,0,1,2.622,17.616
2021-01-24,116067,0,1,3.346,18.178
2021-01-25,141511,1,1,3.114,18.262
2021-01-26,133121,1,1,3.312,17.732
2021-01-27,127629,1,1,2.757142857142857,17.514285714285716
2021-01-28,119513,0,1,2.95,17.912
2021-01-29,114203,0,1,2.293877551020408,18.389795918367348
2021-01-30,110912,0,1,3.008,18.768
2021-01-31,107352,0,1,2.832,17.866
2021-02-01,120687,0,1,3.042,20.541999999999998
2021-02-02,107913,0,1,2.3,20.064
2021-02-03,110608,0,1,2.306,20.362000000000002
2021-02-04,123054,0,1,2.673469387755102,21.189795918367345
2021-02-05,133721,0,1,3.472,20.332
2021-02-06,135045,0,1,2.99,20.174
2021-02-07,119648,0,1,2.198,21.398000000000003
2021-02-08,157369,0,1,2.246,20.292
2021-02-09,156684,0,1,2.91,20.588
2021-02-10,140395,0,1,3.23,20.818
2021-02-11,148784,0,1,2.6639999999999997,20.596
2021-02-12,143931,0,1,2.7319999999999998,20.906
2021-02-13,150596,0,1,2.548,20.918000000000003
2021-02-14,122302,0,1,2.7,20.56
2021-02-15,125856,0,1,3.1639999999999997,20.97
2021-02-16,138292,0,1,2.418,21.248
2021-02-17,153794,0,1,2.7539999999999996,20.266
2021-02-18,177767,0,1,3.07,20.326
2021-02-19,134019,0,1,2.3979999999999997,20.396
2021-02-20,128696,0,1,2.886,20.616
2021-02-21,126556,0,1,3.222,21.041999999999998
2021-02-22,142033,0,1,1.9820000000000002,20.945999999999998
2021-02-23,108016,0,1,3.312244897959184,20.865306122448978
2021-02-24,116273,0,1,3.0877551020408167,20.9
2021-02-25,133756,0,1,2.694,21.274
2021-02-26,123369,0,1,3.0060000000000002,21.004
2021-02-27,121742,0,1,2.0340000000000003,20.866
2021-02-28,108370,0,1,2.88,20.864
2021-03-01,117749,0,1,3.0439999999999996,26.004
2021-03-02,117689,0,1,3.5,25.736
2021-03-03,127357,0,1,3.41,25.444000000000003
2021-03-04,141208,0,1,3.668,26.18
2021-03-05,140377,0,1,3.15,24.958000000000002
2021-03-06,146839,0,1,2.884,25.984
2021-03-07,178389,1,1,3.1260000000000003,24.828000000000003
2021-03-08,166935,1,1,2.457142857142857,26.097959183673467
2021-03-09,161235,1,1,2.2319999999999998,24.788
2021-03-10,169603,1,1,2.7039999999999997,25.976
2021-03-11,186074,1,1,2.186,26.014
2021-03-12,192772,1,1,2.918,24.994
2021-03-13,150517,0,1,2.892,25.854
2021-03-14,139529,0,1,2.6439999999999997,25.324
2021-03-15,134435,0,1,2.28,25.45
2021-03-16,113062,0,1,2.0346938775510206,24.857142857142858
2021-03-17,121091,0,1,2.8339999999999996,25.945999999999998
2021-03-18,159740,0,1,2.802,25.246
2021-03-19,130938,0,1,2.838,25.031999999999996
2021-03-20,146216,0,1,2.1079999999999997,25.511999999999997
2021-03-21,136100,0,1,2.158,25.928
2021-03-22,122332,0,1,3.5469387755102044,25.540816326530614
2021-03-23,126846,0,1,2.8139999999999996,25.266
2021-03-24,126215,0,1,2.5448979591836736,25.840816326530614
2021-03-25,199052,0,1,2.28,25.338
2021-03-26,155538,0,1,2.9739999999999998,24.934
2021-03-27,155989,0,1,2.396,25.674
2021-03-28,121310,0,1,2.676,25.304000000000002
2021-03-29,116227,0,1,3.342,25.682
2021-03-30,111126,0,1,3.0857142857142854,24.89183673469388
2021-03-31,119262,0,1,2.958,24.785999999999998
2021-04-01,151949,0,1,2.972,31.302
2021-04-02,167627,0,1,4.038775510204082,31.508163265306123
2021-04-03,164989,0,1,2.561224489795918,31.279591836734696
2021-04-04,150047,0,1,2.8560000000000003,31.204
2021-04-05,143438,0,1,2.798,31.018
2021-04-06,122819,0,1,2.663265306122449,31.9265306122449
2021-04-07,144744,0,1,3.5380000000000003,31.184
2021-04-08,141977,0,1,3.128,31.544
2021-04-09,136107,0,1,3.6639999999999997,31.566
2021-04-10,126826,0,1,2.55,32.452
2021-04-11,120449,0,1,2.14,31.296
2021-04-12,114761,0,1,2.8760000000000003,32.28
2021-04-13,145844,1,1,3.4339999999999997,31.941999999999997
2021-04-14,161927,1,1,2.148,32.192
2021-04-15,171871,1,1,2.757142857142857,31.810204081632655
2021-04-16,178029,1,1,3.772,31.934
2021-04-17,195232,1,1,4.006,31.884
2021-04-18,190433,1,1,2.6020408163265305,31.86938775510204
2021-04-19,147567,0,1,3.2346938775510203,31.322448979591837
2021-04-20,153773,0,1,2.512,32.135999999999996
2021-04-21,145943,0,1,2.792,32.05
2021-04-22,161544,0,1,3.032,32.19
2021-04-23,160461,0,1,2.728,31.774
2021-04-24,152297,0,1,2.340816326530612,31.410204081632653
2021-04-25,138313,0,1,2.648979591836735,31.606122448979594
2021-04-26,131461,0,1,2.582,31.826
2021-04-27,124855,0,1,2.322,31.222
2021-04-28,125714,0,1,3.0428571428571427,32.618367346938776
2021-04-29,133537,0,1,3.386,30.978
2021-04-30,137982,0,1,1.89,32.138000000000005
2021-05-01,234267,1,1,2.418,36.308
2021-05-02,251518,1,1,2.03,36.274
2021-05-03,232655,1,1,2.948,36.292
2021-05-04,210509,1,1,2.57,36.222
2021-05-05,206531,1,1,3.628,35.722
2021-05-06,174321,0,1,3.3,36.446
2021-05-07,160709,0,1,3.002,35.748000000000005
2021-05-08,169506,0,1,2.920408163265306,35.769387755102045
2021-05-09,182065,0,1,2.8979591836734695,35.56938775510204
2021-05-10,145756,0,1,2.53,35.702
2021-05-11,136733,0,1,2.452,35.666
2021-05-12,136452,0,1,2.9560000000000004,35.576
2021-05-13,150941,0,1,3.19,36.038000000000004
2021-05-14,168304,0,1,2.8680000000000003,35.702
2021-05-15,158933,0,1,2.638,35.711999999999996
2021-05-16,150419,0,1,2.648979591836735,36.53877551020408
2021-05-17,149519,0,1,2.66,35.574
2021-05-18,159141,0,1,2.55,35.84
2021-05-19,157209,0,1,2.852,35.944
2021-05-20,178252,0,1,1.9280000000000002,35.961999999999996
2021-05-21,168352,0,1,2.62,36.3
2021-05-22,173030,0,1,2.716,36.058
2021-05-23,156483,0,1,2.508,36.854
2021-05-24,145024,0,1,2.720833333333333,35.668749999999996
2021-05-25,153400,0,1,3.0673469387755103,37.09183673469388
2021-05-26,150009,0,1,2.494,36.352000000000004
2021-05-27,169878,0,1,2.18,36.102
2021-05-28,164986,0,1,3.182,35.94
2021-05-29,181155,0,1,2.7460000000000004,36.292
2021-05-30,162197,0,1,2.458,36.38
2021-05-31,159950,0,1,2.79,35.538000000000004
2021-06-01,146726,0,1,3.762,35.321999999999996
2021-06-02,160229,0,1,3.89,35.298
2021-06-03,179733,0,1,4.532653061224489,34.86734693877551
2021-06-04,179960,0,1,3.753061224489796,35.351020408163265
2021-06-05,199184,0,1,4.082,35.052
2021-06-06,183608,0,1,4.169387755102041,35.83673469387755
2021-06-07,185418,0,1,4.394,35.641999999999996
2021-06-08,184447,0,1,4.98,34.888000000000005
2021-06-09,190844,0,1,4.683673469387755,34.665306122448975
2021-06-10,189962,0,1,6.744897959183674,35.97142857142857
2021-06-11,202653,0,1,5.04,34.961999999999996
2021-06-12,191174,0,1,4.566,35.23
2021-06-13,185896,0,1,3.928,34.18
2021-06-14,164708,0,1,5.142857142857143,34.946938775510205
2021-06-15,152404,0,1,4.875510204081633,34.3469387755102
2021-06-16,171663,0,1,4.482,34.834
2021-06-17,208280,0,1,4.461224489795918,35.11020408163265
2021-06-18,221117,0,1,5.188,34.396
2021-06-19,198448,0,1,3.418,34.8
2021-06-20,173193,0,1,5.1755102040816325,35.07142857142857
2021-06-21,146080,0,1,4.3180000000000005,34.95
2021-06-22,128443,0,1,4.284,33.826
2021-06-23,134602,0,1,4.726,35.726
2021-06-24,171144,0,1,4.704,35.694
2021-06-25,164584,0,1,4.214,34.452000000000005
2021-06-26,150583,0,1,5.506,34.57
2021-06-27,141417,0,1,3.574,34.844
2021-06-28,139021,0,1,5.936,34.122
2021-06-29,139099,0,1,4.064,34.498000000000005
2021-06-30,143171,0,1,5.462000000000001,34.942
2021-07-01,166819,0,1,7.978,30.42
2021-07-02,166695,0,1,7.27,31.331999999999997
2021-07-03,164959,0,1,5.297999999999999,30.662
2021-07-04,165105,0,1,5.9,30.814285714285717
2021-07-05,163830,0,1,5.976,31.421999999999997
2021-07-06,252620,0,1,7.982,31.125999999999998
2021-07-07,165586,0,1,5.23,31.36
2021-07-08,185730,0,1,6.236000000000001,30.44
2021-07-09,198460,0,1,7.282,31.76
2021-07-10,307176,1,1,6.122000000000001,31.41
2021-07-11,268150,1,1,5.71,31.555999999999997
2021-07-12,243486,1,1,6.112,31.276
2021-07-13,223734,1,1,4.882,30.736
2021-07-14,250066,1,1,6.846,31.474
2021-07-15,190016,0,1,5.376,31.822
2021-07-16,202232,0,1,7.33125,30.604166666666668
2021-07-17,203490,0,1,6.912000000000001,31.52
2021-07-18,189466,0,1,7.986000000000001,31.744
2021-07-19,170221,0,1,7.182,31.318
2021-07-20,179140,0,1,7.224,32.056
2021-07-21,195502,0,1,8.618,31.482
2021-07-22,208989,0,1,6.284,31.178
2021-07-23,211542,0,1,7.148,32.11
2021-07-24,182246,0,1,6.976,32.198
2021-07-25,175885,0,1,6.848,31.084
2021-07-26,163227,0,1,6.222,31.36
2021-07-27,145675,0,1,7.866666666666667,31.34375
2021-07-28,167804,0,1,5.877999999999999,31.36
2021-07-29,186260,0,1,6.99,31.584
2021-07-30,188527,0,1,11.464,31.066
2021-07-31,193531,0,1,6.507999999999999,30.956
2021-08-01,165219,0,1,8.312244897959184,30.36122448979592
2021-08-02,171052,0,1,8.046,30.044
2021-08-03,166344,0,1,7.6,29.69
2021-08-04,162355,0,1,8.831999999999999,29.448
2021-08-05,183818,0,1,7.9639999999999995,30.572
2021-08-06,176264,0,1,6.086,30.151999999999997
2021-08-07,181999,0,1,6.077999999999999,29.678
2021-08-08,160693,0,1,8.26,29.54
2021-08-09,159367,0,1,8.264,29.074
2021-08-10,164299,0,1,9.426,30.354
2021-08-11,173210,0,1,6.942,30.476
2021-08-12,168928,0,1,4.906,29.831999999999997
2021-08-13,169489,0,1,7.474,29.816
2021-08-14,196714,1,1,7.343999999999999,29.608
2021-08-15,195886,1,1,5.436,29.82
2021-08-16,196357,1,1,5.614,29.914
2021-08-17,158160,0,1,6.21,30.488000000000003
2021-08-18,151026,0,1,7.104,30.114
2021-08-19,149627,0,1,8.040816326530612,29.712244897959184
2021-08-20,163048,0,1,6.822,30.465999999999998
2021-08-21,161670,0,1,6.683673469387755,30.418367346938776
2021-08-22,168111,0,1,6.245833333333334,29.602083333333336
2021-08-23,177140,0,1,7.976,30.23
2021-08-24,167537,0,1,8.058,29.9
2021-08-25,204840,1,1,6.097916666666666,30.18958333333333
2021-08-26,245872,1,1,6.646,29.24
2021-08-27,243931,1,1,5.646938775510204,29.955102040816325
2021-08-28,280554,1,1,8.262,30.544
2021-08-29,275448,1,1,7.098,29.864
2021-08-30,262138,1,1,7.308,29.476
2021-08-31,219764,1,1,6.952000000000001,31.182
2021-09-01,175788,0,1,4.085714285714286,28.828571428571426
2021-09-02,198039,0,1,3.4939999999999998,28.768
2021-09-03,204325,0,1,3.2591836734693875,29.304081632653062
2021-09-04,206482,0,1,3.806,29.432
2021-09-05,322158,1,1,3.7539999999999996,28.822
2021-09-06,308719,1,1,4.4,29.116
2021-09-07,281879,1,1,5.154,29.502
2021-09-08,278329,1,1,3.7560000000000002,29.868000000000002
2021-09-09,310794,1,1,4.968,28.838
2021-09-10,271402,1,1,3.43,28.776
2021-09-11,265719,1,1,4.1938775510204085,29.679591836734694
2021-09-12,235977,1,1,4.75,28.926
2021-09-13,226946,1,1,4.726530612244898,29.7
2021-09-14,220813,1,1,4.52,28.634
2021-09-15,236104,1,1,3.904,29.772
2021-09-16,182833,0,1,4.12,28.182
2021-09-17,186203,0,1,4.566,28.878
2021-09-18,169762,0,1,4.248979591836735,29.489795918367346
2021-09-19,145337,0,1,4.993877551020408,28.546938775510203
2021-09-20,138189,0,1,4.575510204081633,29.228571428571428
2021-09-21,133922,0,1,3.04,29.104
2021-09-22,146801,0,1,3.728,29.188000000000002
2021-09-23,148669,0,1,3.638,29.682
2021-09-24,179763,0,1,3.9560000000000004,29.572
2021-09-25,171292,0,1,4.196000000000001,28.558000000000003
2021-09-26,170898,0,1,3.9918367346938775,29.481632653061222
2021-09-27,161714,0,1,4.808,29.162
2021-09-28,155704,0,1,4.024,28.936
2021-09-29,157272,0,1,4.044897959183674,29.33877551020408
2021-09-30,148587,0,1,2.568,28.914
2021-10-01,212192,1,1,3.5816326530612246,26.353061224489796
2021-10-02,204981,1,1,2.772,25.434
2021-10-03,187564,1,1,3.676,26.298000000000002
2021-10-04,176639,1,1,2.764,26.732
2021-10-05,163063,1,1,3.134,26.38
2021-10-06,222081,1,1,3.0980000000000003,26.26
2021-10-07,212017,1,1,2.6979166666666665,25.84583333333333
2021-10-08,234322,1,1,2.5639999999999996,26.736
2021-10-09,192860,1,1,4.428,26.631999999999998
2021-10-10,188734,1,1,3.0918367346938775,26.597959183673467
2021-10-11,185756,1,1,2.576,27.114
2021-10-12,172257,1,1,2.702,25.601999999999997
2021-10-13,166224,1,1,2.6816326530612247,26.140816326530615
2021-10-14,177079,1,1,2.818,26.168000000000003
2021-10-15,185954,1,1,3.52,26.318
2021-10-16,127103,0,1,2.63,26.824
2021-10-17,120144,0,1,4.238,26.644000000000002
2021-10-18,119521,0,1,3.548,26.752
2021-10-19,119545,0,1,2.908,26.616
2021-10-20,124699,0,1,3.716,26.704
2021-10-21,146149,0,1,3.156,26.156
2021-10-22,152651,0,1,3.8960000000000004,26.62
2021-10-23,141243,0,1,2.9339999999999997,26.522
2021-10-24,142337,0,1,2.8760000000000003,26.998
2021-10-25,345913,1,1,3.079591836734694,26.414285714285715
2021-10-26,353114,1,1,3.056,26.508000000000003
2021-10-27,337803,1,1,2.872,26.264
2021-10-28,399072,1,1,2.49,25.988000000000003
2021-10-29,442864,1,1,3.1,26.288
2021-10-30,455473,1,1,2.138,26.671999999999997
2021-10-31,423806,1,1,3.566,25.956
2021-11-01,173132,0,1,3.2039999999999997,22.081999999999997
2021-11-02,135690,0,1,3.706122448979592,21.516326530612243
2021-11-03,135864,0,1,2.9960000000000004,21.886
2021-11-04,150217,0,1,2.04,21.024
2021-11-05,140682,0,1,2.845833333333333,21.541666666666668
2021-11-06,169762,0,1,2.8760000000000003,21.465999999999998
2021-11-07,129736,0,1,3.6617021276595745,21.340425531914892
2021-11-08,141413,0,1,2.432,21.3
2021-11-09,138793,0,1,2.0220000000000002,21.254
2021-11-10,190930,0,1,2.374,21.624000000000002
2021-11-11,196816,0,1,3.0541666666666667,22.006249999999998
2021-11-12,149214,0,1,3.4632653061224485,20.981632653061222
2021-11-13,143019,0,1,3.3339999999999996,20.968000000000004
2021-11-14,141772,0,1,1.8519999999999999,22.024
2021-11-15,142878,0,1,2.4,21.65714285714286
2021-11-16,130759,0,1,3.014,21.724
2021-11-17,136846,0,1,2.638,21.816
2021-11-18,173470,1,1,3.51,21.98
2021-11-19,175726,1,1,1.662,21.694000000000003
2021-11-20,178943,1,1,3.4122448979591833,21.171428571428574
2021-11-21,122558,0,1,3.2551020408163267,20.9265306122449
2021-11-22,117527,0,1,2.057142857142857,22.020408163265305
2021-11-23,111112,0,1,3.158,21.434
2021-11-24,118095,0,1,3.576,22.712
2021-11-25,114957,0,1,3.678,21.478
2021-11-26,120213,0,1,2.122,21.526
2021-11-27,118085,0,1,1.73,21.926
2021-11-28,124116,0,1,1.89375,21.837500000000002
2021-11-29,123687,0,1,2.353061224489796,21.43877551020408
2021-11-30,114660,0,1,2.832,21.241999999999997
2021-12-01,140291,0,1,3.2560000000000002,17.9
2021-12-02,170646,0,1,2.6919999999999997,17.53
2021-12-03,206315,0,1,3.008,17.572
2021-12-04,158282,0,1,3.1239999999999997,18.038
2021-12-05,140682,0,1,3.693877551020408,17.781632653061223
2021-12-06,131051,0,1,2.6060000000000003,17.625999999999998
2021-12-07,131178,0,1,3.446,17.808
2021-12-08,139987,0,1,2.492,17.875999999999998
2021-12-09,139223,0,1,2.5979591836734692,17.46734693877551
2021-12-10,144337,0,1,3.0639999999999996,17.776
2021-12-11,183518,0,1,2.802,17.848
2021-12-12,123517,0,1,2.9739999999999998,16.95
2021-12-13,118684,0,1,2.52,17.486
2021-12-14,110946,0,1,2.6,17.258
2021-12-15,136652,0,1,2.846,17.88
2021-12-16,160657,0,1,1.844,16.63
2021-12-17,162937,0,1,3.2119999999999997,17.546
2021-12-18,165329,0,1,3.18,17.826
2021-12-19,156645,0,1,2.988,18.434
2021-12-20,120043,0,1,3.048,17.146
2021-12-21,98175,0,1,2.7755102040816326,18.573469387755104
2021-12-22,112037,0,1,2.82,18.198
2021-12-23,159087,1,1,3.3819999999999997,17.842
2021-12-24,174866,1,1,3.4739999999999998,17.518
2021-12-25,176818,1,1,1.838,18.614
2021-12-26,175516,1,1,2.1719999999999997,17.914
2021-12-27,130128,0,1,3.46,18.024
2021-12-28,107652,0,1,2.83,17.58
2021-12-29,105709,0,1,1.972,16.46
2021-12-30,124146,0,1,3.189583333333333,17.8875
2021-12-31,145333,0,1,1.7280000000000002,18.026
2022-01-01,165397,0,1,3.7060000000000004,18.364
2022-01-02,149363,0,1,2.842,18.23
2022-01-03,147223,0,1,1.96,17.576
2022-01-04,136976,0,1,2.82,17.13
2022-01-05,128634,0,1,3.1180000000000003,18.174
2022-01-06,145924,0,1,2.542,17.664
2022-01-07,147501,0,1,2.194,18.18
2022-01-08,140091,0,1,2.822448979591837,17.134693877551022
2022-01-09,125599,0,1,2.478,17.5
2022-01-10,154853,0,1,2.9959999999999996,18.23
2022-01-11,115150,0,1,2.8939999999999997,17.98
2022-01-12,119406,0,1,2.5540000000000003,18.15
2022-01-13,195367,1,1,3.786,18.122
2022-01-14,219400,1,1,2.2840000000000003,17.546
2022-01-15,211766,1,1,2.9760000000000004,17.912
2022-01-16,194392,1,1,2.988,18.024
2022-01-17,180923,1,1,3.470833333333333,17.895833333333332
2022-01-18,136218,0,1,2.862,17.922
2022-01-19,116052,0,1,2.728571428571428,17.93673469387755
2022-01-20,124401,0,1,3.054,17.296
2022-01-21,130274,0,1,2.77,18.972
2022-01-22,122194,0,1,2.998,19.22
2022-01-23,113725,0,1,2.366,18.69
2022-01-24,119149,0,1,3.11,18.342
2022-01-25,126091,1,1,3.016,18.694000000000003
2022-01-26,132047,1,1,3.1319999999999997,17.908
2022-01-27,137200,1,1,2.824,18.378
2022-01-28,126911,0,1,2.6260000000000003,18.226
2022-01-29,120722,0,1,2.86734693877551,18.167346938775513
2022-01-30,118274,0,1,2.0285714285714285,17.316326530612244
2022-01-31,137326,0,1,2.36,18.202
2022-02-01,137626,0,1,3.0180000000000002,21.138
2022-02-02,113054,0,1,3.24,20.116
2022-02-03,116301,0,1,3.03469387755102,21.03673469387755
2022-02-04,128822,0,1,3.08,20.137999999999998
2022-02-05,126879,0,1,3.0380000000000003,20.088
2022-02-06,113959,0,1,3.042,20.104
2022-02-07,102705,0,1,2.3040000000000003,20.39
2022-02-08,102974,0,1,2.63,20.588
2022-02-09,119368,0,1,3.418,20.578000000000003
2022-02-10,120860,0,1,2.532,20.836
2022-02-11,121335,0,1,2.8739999999999997,20.364
2022-02-12,117662,0,1,3.002,20.362000000000002
2022-02-13,115528,0,1,2.5142857142857142,20.840816326530614
2022-02-14,119374,0,1,3.3939999999999997,20.625999999999998
2022-02-15,111663,0,1,2.758,20.268
2022-02-16,123784,0,1,3.0270833333333336,20.15625
2022-02-17,120401,0,1,1.8880000000000001,19.982
2022-02-18,129947,0,1,2.226,21.15
2022-02-19,117438,0,1,2.57,20.51
2022-02-20,106653,0,1,2.855102040816327,20.242857142857144
2022-02-21,129919,0,1,2.23,20.714000000000002
2022-02-22,93693,0,1,2.330612244897959,20.218367346938777
2022-02-23,112645,0,1,2.516,20.202
2022-02-24,121638,0,1,2.2489795918367346,20.102040816326532
2022-02-25,129797,0,1,2.7680000000000002,20.208
2022-02-26,138686,0,1,2.456,21.266
2022-02-27,138829,0,1,2.258,20.496
2022-02-28,128948,0,1,2.94,20.372
2022-03-01,147912,0,1,3.622,25.454
2022-03-02,151175,0,1,3.042,25.996
2022-03-03,160230,0,1,2.39,25.788
2022-03-04,171816,0,1,3.364,26.144000000000002
2022-03-05,135643,0,1,2.583673469387755,26.10408163265306
2022-03-06,138818,0,1,3.3540000000000005,26.541999999999998
2022-03-07,189712,1,1,2.458,25.508000000000003
2022-03-08,182570,1,1,2.1279999999999997,26.418000000000003
2022-03-09,178596,1,1,2.122,25.721999999999998
2022-03-10,175318,1,1,3.946,26.596
2022-03-11,185153,1,1,3.5639999999999996,26.576
2022-03-12,182108,1,1,2.5860000000000003,26.434
2022-03-13,106394,0,1,2.644897959183673,25.3265306122449
2022-03-14,111591,0,1,2.334,25.594
2022-03-15,101384,0,1,2.9739999999999998,26.228
2022-03-16,122042,0,1,3.05,25.748
2022-03-17,160093,0,1,2.562,25.874000000000002
2022-03-18,147703,0,1,3.032,26.086
2022-03-19,150860,0,1,2.798,26.03
2022-03-20,118982,0,1,3.13,26.101999999999997
2022-03-21,115672,0,1,3.67,25.644000000000002
2022-03-22,98998,0,1,2.288,25.511999999999997
2022-03-23,101873,0,1,3.542,25.214000000000002
2022-03-24,114145,0,1,2.7319999999999998,25.994
2022-03-25,125266,0,1,2.356,26.215999999999998
2022-03-26,129415,0,1,2.612,25.962
2022-03-27,112025,0,1,3.0,25.151999999999997
2022-03-28,113116,0,1,2.722,25.918000000000003
2022-03-29,112123,0,1,3.610204081632653,25.48775510204082
2022-03-30,132613,0,1,1.962,25.424
2022-03-31,201606,0,1,1.932,25.148000000000003
2022-04-01,221270,0,1,2.377551020408163,31.140816326530615
2022-04-02,198445,0,1,2.436,31.08
2022-04-03,189985,0,1,2.614,31.388
2022-04-04,170650,0,1,3.19,32.608000000000004
2022-04-05,108756,0,1,3.53,31.331999999999997
2022-04-06,120290,0,1,2.7960000000000003,31.67
2022-04-07,132463,0,1,2.648,31.064
2022-04-08,137911,0,1,3.336734693877551,31.822448979591837
2022-04-09,129381,0,1,2.668,30.916
2022-04-10,114093,0,1,2.84,30.302
2022-04-11,110308,0,1,2.938,31.682
2022-04-12,109787,0,1,2.426530612244898,30.785714285714285
2022-04-13,151312,1,1,2.798,31.398000000000003
2022-04-14,163188,1,1,2.9539999999999997,31.564
2022-04-15,185211,1,1,2.6719999999999997,31.506
2022-04-16,170562,1,1,2.966,31.394000000000002
2022-04-17,161859,1,1,4.004,31.524
2022-04-18,185471,1,1,3.728,31.338
2022-04-19,140833,0,1,2.23,31.448
2022-04-20,214040,0,1,2.688,31.4
2022-04-21,157958,0,1,2.404,30.432
2022-04-22,263361,0,1,2.396,31.732
2022-04-23,272953,0,1,2.562,31.348000000000003
2022-04-24,206243,0,1,3.248,31.351999999999997
2022-04-25,172603,0,1,2.8653061224489798,31.687755102040818
2022-04-26,144094,0,1,3.2060000000000004,31.128
2022-04-27,142020,0,1,2.85,31.605999999999998
2022-04-28,156598,0,1,2.758,30.984
2022-04-29,194820,0,1,3.218,31.162
2022-04-30,187670,0,1,2.340816326530612,31.767346938775507
2022-05-01,316195,1,1,3.222,35.336
2022-05-02,289745,1,1,2.512,35.994
2022-05-03,256191,1,1,2.6551020408163266,35.64693877551021
2022-05-04,227522,1,1,2.496,34.946
2022-05-05,284004,1,1,3.234,35.96
2022-05-06,222134,0,1,2.7239999999999998,36.156
2022-05-07,201041,0,1,3.2059999999999995,35.506
2022-05-08,183484,0,1,3.212244897959184,36.361224489795916
2022-05-09,202558,0,1,3.4,35.858000000000004
2022-05-10,144388,0,1,2.4693877551020407,35.94489795918367
2022-05-11,174463,0,1,2.368,36.25
2022-05-12,187057,0,1,3.6639999999999997,35.81
2022-05-13,205443,0,1,3.198,36.275999999999996
2022-05-14,190313,0,1,3.398,36.542
2022-05-15,179867,0,1,3.07,36.286
2022-05-16,166616,0,1,1.7163265306122448,36.68163265306123
2022-05-17,156438,0,1,2.9559999999999995,36.188
2022-05-18,147645,0,1,2.9122448979591833,36.03061224489796
2022-05-19,147568,0,1,2.79,36.46
2022-05-20,157960,0,1,2.398,35.138000000000005
2022-05-21,159452,0,1,2.784,35.756
2022-05-22,154833,0,1,2.5380000000000003,36.478
2022-05-23,151427,0,1,3.722,37.164
2022-05-24,149120,0,1,2.94,36.576
2022-05-25,154972,0,1,2.093877551020408,36.775510204081634
2022-05-26,177208,0,1,2.97,36.1
2022-05-27,200176,0,1,2.414,36.436
2022-05-28,189462,0,1,4.476,36.438
2022-05-29,148997,0,1,3.074,36.001999999999995
2022-05-30,136094,0,1,2.1166666666666667,35.81875
2022-05-31,136477,0,1,3.554,35.702
2022-06-01,151356,0,1,4.240816326530613,34.94081632653061
2022-06-02,160711,0,1,3.412,34.75
2022-06-03,160684,0,1,4.608163265306122,34.738775510204086
2022-06-04,179463,0,1,3.946,35.19
2022-06-05,174498,0,1,3.446,35.498000000000005
2022-06-06,197988,0,1,6.606122448979591,34.724489795918366
2022-06-07,196435,0,1,4.066,34.632
2022-06-08,166716,0,1,3.704081632653061,34.46530612244898
2022-06-09,194074,0,1,4.312244897959183,35.62244897959184
2022-06-10,201512,0,1,3.783673469387755,35.07551020408163
2022-06-11,193485,0,1,4.808163265306122,35.13265306122449
2022-06-12,177335,0,1,4.263999999999999,34.754
2022-06-13,167793,0,1,4.824,35.038000000000004
2022-06-14,148717,0,1,5.038775510204082,35.09591836734694
2022-06-15,160154,0,1,4.665306122448979,35.134693877551015
2022-06-16,170029,0,1,3.824,34.084
2022-06-17,182420,0,1,6.318,34.518
2022-06-18,187750,0,1,4.172,34.754
2022-06-19,167379,0,1,4.282,34.35
2022-06-20,177996,0,1,3.196,35.032
2022-06-21,159925,0,1,4.07,34.95
2022-06-22,161918,0,1,2.738,35.066
2022-06-23,169056,0,1,4.2122448979591836,35.261224489795914
2022-06-24,165294,0,1,4.4734693877551015,35.80204081632653
2022-06-25,159226,0,1,5.226,34.74
2022-06-26,153791,0,1,6.534,35.66
2022-06-27,156890,0,1,4.006122448979592,34.7469387755102
2022-06-28,159984,0,1,4.546,35.022
2022-06-29,163717,0,1,3.426,35.172
2022-06-30,208379,0,1,4.698,35.482
2022-07-01,234110,0,1,8.482000000000001,31.648000000000003
2022-07-02,235596,0,1,8.851999999999999,31.956
2022-07-03,333013,0,1,5.528,31.21
2022-07-04,216754,0,1,6.8,31.048000000000002
2022-07-05,189643,0,1,7.51,31.336
2022-07-06,190732,0,1,8.352,31.348000000000003
2022-07-07,220545,0,1,7.5,32.122
2022-07-08,222864,0,1,8.602,31.16
2022-07-09,201796,0,1,8.276,31.708000000000002
2022-07-10,305006,1,1,6.586,31.568
2022-07-11,313461,1,1,9.682,31.294
2022-07-12,315728,1,1,9.124,31.62
2022-07-13,288995,1,1,8.422448979591836,31.693877551020407
2022-07-14,305603,1,1,6.68,31.281999999999996
2022-07-15,240510,0,1,9.841999999999999,31.578000000000003
2022-07-16,223419,0,1,8.552,30.644000000000002
2022-07-17,214463,0,1,9.438775510204081,31.181632653061225
2022-07-18,206139,0,1,8.024,31.54
2022-07-19,223730,0,1,9.218,31.596
2022-07-20,229579,0,1,5.85,31.708000000000002
2022-07-21,197261,0,1,9.187999999999999,31.584
2022-07-22,184279,0,1,7.820408163265306,31.53673469387755
2022-07-23,188574,0,1,9.19591836734694,30.575510204081635
2022-07-24,169167,0,1,9.03,31.285999999999998
2022-07-25,182717,0,1,8.608163265306123,31.15714285714286
2022-07-26,175278,0,1,7.996,31.234
2022-07-27,188080,0,1,6.906122448979591,31.375510204081635
2022-07-28,180335,0,1,8.362499999999999,31.5625
2022-07-29,225903,0,1,9.769387755102041,31.377551020408163
2022-07-30,236748,0,1,9.022,31.61
2022-07-31,204679,0,1,7.42,31.604
2022-08-01,198071,0,1,7.997999999999999,29.916
2022-08-02,179508,0,1,8.992,30.576
2022-08-03,180466,0,1,8.176,30.024
2022-08-04,184587,0,1,9.322000000000001,30.104
2022-08-05,201748,0,1,7.308163265306123,29.697959183673472
2022-08-06,199849,0,1,7.906000000000001,29.76
2022-08-07,198289,0,1,7.382000000000001,29.944000000000003
2022-08-08,205337,0,1,7.311999999999999,30.248
2022-08-09,172578,0,1,9.314,30.684
2022-08-10,164128,0,1,8.016,29.744
2022-08-11,195243,0,1,7.662000000000001,29.848000000000003
2022-08-12,197613,0,1,7.592,29.987999999999996
2022-08-13,198018,0,1,7.3,29.746
2022-08-14,236172,1,1,8.464,28.868000000000002
2022-08-15,233820,1,1,6.814,30.076
2022-08-16,217300,1,1,8.664,29.638
2022-08-17,174039,0,1,7.004,30.398000000000003
2022-08-18,210269,0,1,7.013999999999999,30.014
2022-08-19,197157,0,1,8.412,30.618000000000002
2022-08-20,251087,0,1,9.628,30.304000000000002
2022-08-21,238126,0,1,8.174,30.311999999999998
2022-08-22,230524,0,1,8.724,30.418000000000003
2022-08-23,193440,0,1,6.062,30.224
2022-08-24,218503,0,1,6.81,30.311999999999998
2022-08-25,322692,1,1,8.95,30.194000000000003
2022-08-26,331737,1,1,7.803999999999999,30.728
2022-08-27,292498,1,1,7.6579999999999995,30.366
2022-08-28,248661,1,1,8.338000000000001,29.668000000000003
2022-08-29,247844,1,1,7.416,29.862
2022-08-30,235193,1,1,5.873469387755102,30.855102040816327
2022-08-31,249306,1,1,7.636,30.248
2022-09-01,184440,0,1,5.006,29.084
2022-09-02,195176,0,1,3.4816326530612245,29.740816326530613
2022-09-03,183140,0,1,4.006,29.496
2022-09-04,167002,0,1,6.37,28.91
2022-09-05,239431,1,1,4.22,28.804000000000002
2022-09-06,239421,1,1,2.702,29.118000000000002
2022-09-07,223583,1,1,4.324,28.976
2022-09-08,281402,1,1,4.824,28.476
2022-09-09,277516,1,1,3.638,29.052
2022-09-10,289401,1,1,4.087755102040816,29.367346938775512
2022-09-11,233102,1,1,4.288,28.86
2022-09-12,212906,1,1,4.944,28.706
2022-09-13,216577,1,1,4.022,29.144000000000002
2022-09-14,209783,1,1,3.4306122448979592,28.46938775510204
2022-09-15,237202,1,1,4.312,28.311999999999998
2022-09-16,164750,0,1,3.2612244897959184,29.332653061224487
2022-09-17,194757,0,1,4.16,29.51
2022-09-18,184994,0,1,4.192,29.465999999999998
2022-09-19,169692,0,1,3.2,29.87
2022-09-20,135991,0,1,3.8040816326530615,29.51224489795918
2022-09-21,135564,0,1,3.8360000000000003,29.076
2022-09-22,145272,0,1,4.362,29.3
2022-09-23,152987,0,1,5.6579999999999995,29.024
2022-09-24,147412,0,1,3.657142857142857,30.01224489795918
2022-09-25,142233,0,1,4.155102040816327,29.20408163265306
2022-09-26,129654,0,1,4.152083333333334,29.222916666666666
2022-09-27,136890,0,1,4.372,28.75
2022-09-28,154002,0,1,4.186,30.04
2022-09-29,163353,0,1,3.202,28.712
2022-09-30,163312,0,1,3.6918367346938776,29.773469387755103
2022-10-01,205942,1,1,2.204081632653061,26.685714285714283
2022-10-02,205392,1,1,3.2880000000000003,26.601999999999997
2022-10-03,209079,1,1,3.657142857142857,26.967346938775513
2022-10-04,210814,1,1,2.5660000000000003,27.281999999999996
2022-10-05,218211,1,1,3.2680000000000002,26.215999999999998
2022-10-06,218361,1,1,2.5540000000000003,26.366
2022-10-07,240461,1,1,2.0980000000000003,26.738000000000003
2022-10-08,227342,1,1,3.54,26.888
2022-10-09,184390,1,1,3.1183673469387756,26.091836734693878
2022-10-10,205313,1,1,3.8160000000000003,26.736
2022-10-11,204346,1,1,3.6260000000000003,26.272
2022-10-12,203241,1,1,3.156,26.662
2022-10-13,202789,1,1,3.068,26.901999999999997
2022-10-14,224195,1,1,3.4877551020408166,26.444897959183674
2022-10-15,208026,1,1,3.2,27.020408163265305
2022-10-16,135552,0,1,3.3480000000000003,26.41
2022-10-17,128843,0,1,3.096,26.798000000000002
2022-10-18,125493,0,1,3.964,26.524
2022-10-19,159574,0,1,2.948,26.151999999999997
2022-10-20,180560,0,1,2.19,26.204
2022-10-21,183379,0,1,2.742,25.85
2022-10-22,159444,0,1,2.93,26.198
2022-10-23,141151,0,1,3.772,26.086
2022-10-24,117790,0,1,3.1319999999999997,26.526
2022-10-25,274161,1,1,3.0580000000000003,25.746
2022-10-26,280408,1,1,3.344,26.594
2022-10-27,336543,1,1,3.09,26.826
2022-10-28,335970,1,1,2.8693877551020406,27.046938775510203
2022-10-29,356177,1,1,3.262,26.772
2022-10-30,390286,1,1,3.858,26.214000000000002
2022-10-31,341914,1,1,2.032,26.418000000000003
2022-11-01,133767,0,1,3.7081632653061227,21.773469387755103
2022-11-02,151507,0,1,2.657142857142857,22.197959183673472
2022-11-03,157292,0,1,2.064,21.058000000000003
2022-11-04,148465,0,1,2.9739999999999998,21.978
2022-11-05,154561,0,1,3.176,21.774
2022-11-06,152370,0,1,2.7319999999999998,22.03
2022-11-07,154263,0,1,2.752,22.748
2022-11-08,147369,0,1,3.178,21.89
2022-11-09,152774,0,1,2.7448979591836733,21.76938775510204
2022-11-10,171016,0,1,2.4779999999999998,21.468000000000004
2022-11-11,190532,0,1,2.968,21.53
2022-11-12,160562,0,1,3.0580000000000003,21.658
2022-11-13,143916,0,1,2.906,21.54
2022-11-14,123080,0,1,2.29,21.758000000000003
2022-11-15,122816,0,1,2.6180000000000003,21.965999999999998
2022-11-16,126798,0,1,2.4859999999999998,22.302
2022-11-17,112329,0,1,2.2359999999999998,22.162
2022-11-18,151215,1,1,2.461224489795918,21.412244897959184
2022-11-19,165679,1,1,2.324,21.805999999999997
2022-11-20,149454,1,1,3.3938775510204082,22.240816326530613
2022-11-21,109621,0,1,3.0180000000000002,21.4
2022-11-22,103325,0,1,3.1604166666666664,21.733333333333334
2022-11-23,108270,0,1,2.9939999999999998,21.53
2022-11-24,115476,0,1,3.33,21.636
2022-11-25,122373,0,1,2.698,22.25
2022-11-26,119419,0,1,3.696,22.518
2022-11-27,109665,0,1,3.047916666666667,22.491666666666664
2022-11-28,149979,0,1,2.292,22.24
2022-11-29,110199,0,1,2.356,21.76
2022-11-30,126715,0,1,2.748,21.956
2022-12-01,135746,0,1,2.936734693877551,17.851020408163265
2022-12-02,132548,0,1,2.832,17.805999999999997
2022-12-03,129478,0,1,2.404,17.625999999999998
2022-12-04,120688,0,1,2.89,17.78
2022-12-05,122673,0,1,3.4219999999999997,17.42
2022-12-06,111498,0,1,3.252083333333333,17.722916666666666
2022-12-07,112773,0,1,1.736,18.004
2022-12-08,123563,0,1,3.41,18.202
2022-12-09,123858,0,1,2.9419999999999997,17.902
2022-12-10,123653,0,1,2.274,17.708
2022-12-11,129038,0,1,2.572,17.594
2022-12-12,119888,0,1,3.5439999999999996,17.05
2022-12-13,110325,0,1,2.3510204081632655,17.46530612244898
2022-12-14,118212,0,1,2.616,17.476
2022-12-15,127312,0,1,2.9019999999999997,17.238
2022-12-16,133799,0,1,3.048,16.898
2022-12-17,128653,0,1,2.006,17.7
2022-12-18,116978,0,1,3.128,18.2
2022-12-19,107714,0,1,2.6839999999999997,18.046
2022-12-20,109446,0,1,2.932,17.744
2022-12-21,122519,0,1,2.4219999999999997,18.724
2022-12-22,111388,0,1,1.766,17.702
2022-12-23,147895,1,1,2.926,16.688
2022-12-24,142462,1,1,2.6183673469387756,17.838775510204083
2022-12-25,141544,1,1,2.668,17.614
2022-12-26,123615,1,1,1.722,18.04
2022-12-27,94745,0,1,3.6857142857142855,18.085714285714285
2022-12-28,99543,0,1,2.3877551020408165,18.60816326530612
2022-12-29,108475,0,1,2.824,17.875999999999998
2022-12-30,102242,0,1,2.42,18.184
2022-12-31,110423,0,1,3.344,17.83
2023-01-01,108363,0,1,2.712244897959184,17.53469387755102
2023-01-02,113812,0,1,2.958,17.462
2023-01-03,113813,0,1,2.6439999999999997,17.854
2023-01-04,125091,0,1,2.772,17.924
2023-01-05,138213,0,1,3.428,18.305999999999997
2023-01-06,140300,0,1,2.1519999999999997,16.664
2023-01-07,141114,0,1,2.346,17.913999999999998
2023-01-08,138355,0,1,2.568,18.136
2023-01-09,146061,0,1,2.966,17.224
2023-01-10,141998,0,1,3.1319999999999997,18.19
2023-01-11,142243,0,1,2.5749999999999997,18.025000000000002
2023-01-12,160226,0,1,2.46,17.99
2023-01-13,211422,1,1,2.688,18.316
2023-01-14,209459,1,1,2.6306122448979594,18.224489795918366
2023-01-15,176172,1,1,2.398,17.47
2023-01-16,167816,1,1,2.5380000000000003,18.16
2023-01-17,147130,1,1,3.426530612244898,18.277551020408165
2023-01-18,124437,0,1,2.864,18.156
2023-01-19,122428,0,1,2.532,18.178
2023-01-20,127125,0,1,2.838,17.962
2023-01-21,137240,0,1,2.7060000000000004,18.124000000000002
2023-01-22,122071,0,1,2.8285714285714283,17.351020408163265
2023-01-23,116524,0,1,1.9795918367346939,17.948979591836736
2023-01-24,105167,0,1,2.456,17.284000000000002
2023-01-25,114689,1,1,2.388,17.778
2023-01-26,122887,1,1,2.4448979591836735,17.630612244897957
2023-01-27,129848,1,1,2.8480000000000003,18.555999999999997
2023-01-28,106593,0,1,2.824,17.752
2023-01-29,113727,0,1,3.284,17.486
2023-01-30,121140,0,1,1.77,18.098
2023-01-31,106622,0,1,3.35,18.214
2023-02-01,127540,0,1,2.08,20.29
2023-02-02,131946,0,1,3.062,20.858
2023-02-03,131215,0,1,2.284,20.552
2023-02-04,121466,0,1,2.6060000000000003,20.518
2023-02-05,119829,0,1,3.22,20.398
2023-02-06,118548,0,1,2.444,20.56
2023-02-07,152513,0,1,2.842,20.268
2023-02-08,349145,0,1,1.982,21.456
2023-02-09,347217,0,1,2.862,20.748
2023-02-10,413319,0,1,2.13,20.564
2023-02-11,402875,0,1,2.812,21.016
2023-02-12,179342,0,1,2.6061224489795918,21.271428571428572
2023-02-13,127053,0,1,1.912,20.746
2023-02-14,104469,0,1,2.332,20.452
2023-02-15,113266,0,1,3.01,21.511999999999997
2023-02-16,125512,0,1,3.366,21.324
2023-02-17,131377,0,1,2.53,20.85
2023-02-18,126937,0,1,3.756,21.642
2023-02-19,126061,0,1,2.5775510204081633,20.522448979591836
2023-02-20,108265,0,1,2.16,20.768
2023-02-21,96298,0,1,3.110204081632653,20.610204081632652
2023-02-22,100727,0,1,2.31,20.6
2023-02-23,102723,0,1,3.282,20.811999999999998
2023-02-24,136235,0,1,1.538,21.03
2023-02-25,135401,0,1,2.5140000000000002,20.256
2023-02-26,133285,0,1,2.504,20.246
2023-02-27,134378,0,1,2.412,21.244
2023-02-28,189486,0,1,3.4019999999999997,20.07
2023-03-01,182821,0,1,3.14,25.274
2023-03-02,151841,0,1,2.492,26.035999999999998
2023-03-03,167415,0,1,3.056,25.426
2023-03-04,137339,0,1,2.392,25.718000000000004
2023-03-05,133374,0,1,3.2960000000000003,25.15
2023-03-06,119987,0,1,2.458,25.848000000000003
2023-03-07,153537,1,1,2.6719999999999997,25.522
2023-03-08,172300,1,1,2.028,25.19
2023-03-09,190649,1,1,2.116,25.678
2023-03-10,190580,1,1,2.91,25.948
2023-03-11,183936,1,1,2.79,25.904
2023-03-12,189985,1,1,2.314,24.948
2023-03-13,139733,0,1,2.994,25.531999999999996
2023-03-14,127228,0,1,1.854,25.011999999999997
2023-03-15,120773,0,1,3.52,25.986
2023-03-16,196450,0,1,2.136,25.445999999999998
2023-03-17,144451,0,1,3.26,25.706
2023-03-18,144697,0,1,2.6999999999999997,25.328571428571426
2023-03-19,135587,0,1,3.074,25.194000000000003
2023-03-20,135909,0,1,2.312,25.555999999999997
2023-03-21,105044,0,1,3.466,25.164
2023-03-22,106104,0,1,2.857142857142857,25.728571428571428
2023-03-23,120528,0,1,2.059183673469388,25.902040816326533
2023-03-24,121978,0,1,2.09,26.108
2023-03-25,130264,0,1,2.61,25.408
2023-03-26,131831,0,1,2.682,25.36
2023-03-27,121377,0,1,3.2816326530612248,25.179591836734694
2023-03-28,104838,0,1,2.2816326530612243,25.387755102040817
2023-03-29,111982,0,1,2.708,25.622
2023-03-30,137837,0,1,2.412,25.458000000000002
2023-03-31,143568,0,1,3.446,25.87
2023-04-01,164519,0,1,2.506,31.344
2023-04-02,163548,0,1,3.674,31.986
2023-04-03,161266,0,1,3.444,32.676
2023-04-04,121652,0,1,2.357142857142857,31.610204081632656
2023-04-05,117666,0,1,3.048,30.978
2023-04-06,126229,0,1,2.17,31.55
2023-04-07,128892,0,1,2.468,31.218000000000004
2023-04-08,124432,0,1,3.36,32.188
2023-04-09,118231,0,1,2.266,31.022
2023-04-10,118323,0,1,2.6122448979591835,31.722448979591835
2023-04-11,116071,0,1,2.6039999999999996,31.684
2023-04-12,120057,0,1,2.78,31.864
2023-04-13,202522,1,1,2.7560000000000002,31.154
2023-04-14,184513,1,1,2.636,31.368000000000002
2023-04-15,167706,1,1,2.9714285714285715,30.997959183673473
2023-04-16,155400,1,1,2.5653061224489795,31.087755102040816
2023-04-17,155401,1,1,2.9142857142857146,30.479591836734695
2023-04-18,165691,1,1,2.82,31.474
2023-04-19,140060,0,1,2.798,31.914
2023-04-20,145597,0,1,2.8760000000000003,30.89
2023-04-21,149175,0,1,2.748,31.451999999999998
2023-04-22,124056,0,1,2.844,31.21
2023-04-23,119505,0,1,2.6439999999999997,30.924
2023-04-24,115841,0,1,2.988,30.785999999999998
2023-04-25,109537,0,1,2.248,31.018
2023-04-26,111470,0,1,2.9360000000000004,31.638
2023-04-27,118596,0,1,2.3680000000000003,31.276
2023-04-28,138293,0,1,3.524489795918367,31.116326530612245
2023-04-29,141858,0,1,2.806,31.342
2023-04-30,151841,0,1,2.822,31.304000000000002
2023-05-01,260262,1,1,2.522,35.518
2023-05-02,231460,1,1,2.6795918367346943,36.45918367346939
2023-05-03,236338,1,1,2.456,36.122
2023-05-04,247200,1,1,3.432,35.702
2023-05-05,272257,1,1,2.792,36.488
2023-05-06,172077,0,1,2.878,36.404
2023-05-07,161545,0,1,2.845833333333333,34.889583333333334
2023-05-08,159416,0,1,3.322448979591837,36.022448979591836
2023-05-09,178410,0,1,2.816326530612245,36.261224489795914
2023-05-10,166888,0,1,3.698,35.476
2023-05-11,170411,0,1,3.045833333333333,35.737500000000004
2023-05-12,220925,0,1,3.0580000000000003,35.908
2023-05-13,222091,0,1,3.0081632653061225,36.86938775510204
2023-05-14,253629,0,1,2.544,36.04
2023-05-15,189385,0,1,2.8183673469387753,35.77346938775511
2023-05-16,156674,0,1,2.612,35.828
2023-05-17,163199,0,1,2.88,36.254
2023-05-18,176732,0,1,2.391836734693878,36.46530612244898
2023-05-19,188547,0,1,2.042,36.53
2023-05-20,174909,0,1,2.312,36.126
2023-05-21,182443,0,1,3.3340000000000005,36.19
2023-05-22,146663,0,1,2.287755102040816,36.446938775510205
2023-05-23,142843,0,1,3.4939999999999998,35.884
2023-05-24,162434,0,1,2.7939999999999996,36.598
2023-05-25,177963,0,1,2.3244897959183675,36.261224489795914
2023-05-26,216147,0,1,2.24,35.966
2023-05-27,201740,0,1,2.972,36.461999999999996
2023-05-28,295897,0,1,3.17,36.302
2023-05-29,213315,0,1,2.036,35.738
2023-05-30,211775,0,1,2.708,36.524
2023-05-31,266402,0,1,2.488,36.146
2023-06-01,251059,0,1,4.032,34.802
2023-06-02,261806,0,1,2.734,34.86
2023-06-03,261334,0,1,4.592,35.082
2023-06-04,206419,0,1,3.3939999999999997,34.94
2023-06-05,185941,0,1,4.68,35.21
2023-06-06,134519,0,1,5.375510204081632,35.07142857142857
2023-06-07,144714,0,1,4.796,35.586
2023-06-08,154522,0,1,4.56,34.414
2023-06-09,165681,0,1,3.944,34.512
2023-06-10,161230,0,1,5.513999999999999,34.672
2023-06-11,161327,0,1,4.698,35.066
2023-06-12,157618,0,1,4.49,35.192
2023-06-13,139367,0,1,3.7816326530612248,34.96530612244898
2023-06-14,168824,0,1,3.178,35.118
2023-06-15,164452,0,1,3.1719999999999997,35.21
2023-06-16,178082,0,1,3.710204081632653,35.08571428571429
2023-06-17,182974,0,1,3.928,35.562
2023-06-18,160334,0,1,3.61,35.06
2023-06-19,161512,0,1,4.274,34.602
2023-06-20,156004,0,1,3.304,35.022
2023-06-21,151759,0,1,4.44,34.85
2023-06-22,162558,0,1,3.7359999999999998,35.292
2023-06-23,170954,0,1,4.444897959183674,34.885714285714286
2023-06-24,164168,0,1,5.832000000000001,35.222
2023-06-25,151857,0,1,5.646,35.43
2023-06-26,164048,0,1,4.284,34.874
2023-06-27,156462,0,1,4.436,34.37
2023-06-28,146143,0,1,4.072,35.356
2023-06-29,173671,0,1,4.172,34.688
2023-06-30,181633,0,1,4.3580000000000005,33.488
2023-07-01,203695,0,1,8.083673469387756,31.16938775510204
2023-07-02,186108,0,1,7.8660000000000005,31.445999999999998
2023-07-03,180474,0,1,7.093999999999999,31.124000000000002
2023-07-04,201007,0,1,8.392000000000001,31.334
2023-07-05,226102,0,1,6.728,31.758000000000003
2023-07-06,213768,0,1,5.308163265306123,30.932653061224492
2023-07-07,219826,0,1,9.018367346938774,31.514285714285716
2023-07-08,250337,0,1,7.382000000000001,30.874000000000002
2023-07-09,221250,0,1,9.59375,30.514583333333334
2023-07-10,324023,1,1,7.975510204081633,31.39591836734694
2023-07-11,305705,1,1,8.613999999999999,30.791999999999998
2023-07-12,354846,1,1,7.902,31.945999999999998
2023-07-13,337606,1,1,5.797999999999999,31.291999999999998
2023-07-14,349316,1,1,8.95,31.104
2023-07-15,233705,0,1,5.689795918367347,31.33061224489796
2023-07-16,215828,0,1,7.45,31.538
2023-07-17,221705,0,1,8.128,30.814
2023-07-18,196281,0,1,8.094,31.096
2023-07-19,331229,0,1,7.912244897959184,31.202040816326534
2023-07-20,292231,0,1,8.246,31.638
2023-07-21,273947,0,1,8.618,32.368
2023-07-22,242423,0,1,6.8260000000000005,31.224
2023-07-23,228083,0,1,8.616,31.912
2023-07-24,178338,0,1,7.474,31.426
2023-07-25,174811,0,1,6.889795918367348,31.910204081632653
2023-07-26,177734,0,1,6.552083333333333,31.254166666666666
2023-07-27,174501,0,1,9.664,31.368000000000002
2023-07-28,218112,0,1,7.169387755102041,32.234693877551024
2023-07-29,317390,0,1,7.0760000000000005,32.332
2023-07-30,235072,0,1,5.938775510204081,31.689795918367345
2023-07-31,223915,0,1,8.266,31.378
2023-08-01,210328,0,1,6.626,29.81
2023-08-02,219806,0,1,7.055102040816326,29.49591836734694
2023-08-03,208401,0,1,6.33,29.921999999999997
2023-08-04,186710,0,1,5.1979999999999995,29.592
2023-08-05,175036,0,1,6.863265306122449,30.428571428571427
2023-08-06,151947,0,1,6.534,30.168000000000003
2023-08-07,153229,0,1,7.0520000000000005,29.64
2023-08-08,202838,0,1,6.644,30.136
2023-08-09,210481,0,1,6.586,30.002
2023-08-10,187951,0,1,7.386,30.006
2023-08-11,209210,0,1,8.46,30.875999999999998
2023-08-12,233168,0,1,8.334,30.468000000000004
2023-08-13,215474,0,1,6.918367346938775,29.902040816326533
2023-08-14,206422,1,1,6.303999999999999,29.524
2023-08-15,206927,1,1,7.9879999999999995,29.305999999999997
2023-08-16,211923,1,1,5.651020408163265,29.822448979591837
2023-08-17,196218,0,1,7.98,29.912
2023-08-18,205492,0,1,6.832000000000001,29.998
2023-08-19,201309,0,1,5.856,30.238000000000003
2023-08-20,161066,0,1,6.068,30.194000000000003
2023-08-21,160993,0,1,7.222,30.868000000000002
2023-08-22,164510,0,1,9.257142857142858,30.23061224489796
2023-08-23,204565,0,1,6.94,30.616
2023-08-24,228574,0,1,7.6,30.394000000000002
2023-08-25,341861,1,1,6.722,29.496
2023-08-26,360215,1,1,6.848,29.74
2023-08-27,290166,1,1,7.358,29.982
2023-08-28,258583,1,1,7.188,30.761999999999997
2023-08-29,246292,1,1,7.744,30.26
2023-08-30,205380,1,1,9.24,30.055999999999997
2023-08-31,225428,1,1,8.46,29.608
2023-09-01,183737,0,1,5.356,29.384
2023-09-02,180250,0,1,4.644,29.791999999999998
2023-09-03,165563,0,1,4.232,28.424
2023-09-04,154649,0,1,4.6419999999999995,28.72
2023-09-05,266308,1,1,4.396,28.84
2023-09-06,263602,1,1,4.726,29.008000000000003
2023-09-07,266447,1,1,3.9081632653061225,29.26938775510204
2023-09-08,251903,1,1,4.948,28.682
2023-09-09,239217,1,1,4.322,28.808000000000003
2023-09-10,230372,1,1,3.384,30.25
2023-09-11,226547,1,1,4.088,29.076
2023-09-12,209106,1,1,5.046,29.094
2023-09-13,209151,1,1,4.357142857142857,29.6265306122449
2023-09-14,251979,1,1,4.232,29.76
2023-09-15,255444,1,1,3.8480000000000003,28.974
2023-09-16,174436,0,1,3.9560000000000004,29.68
2023-09-17,152602,0,1,4.368,28.76
2023-09-18,139839,0,1,4.334,29.83
2023-09-19,130386,0,1,3.326,29.898000000000003
2023-09-20,128273,0,1,3.616,28.936
2023-09-21,148801,0,1,3.3539999999999996,29.272
2023-09-22,155991,0,1,3.8139999999999996,29.434
2023-09-23,155838,0,1,3.779166666666667,28.7375
2023-09-24,144008,0,1,3.6460000000000004,28.678
2023-09-25,146358,0,1,3.86,28.984
2023-09-26,149961,0,1,4.092,29.444000000000003
2023-09-27,171964,0,1,4.086,29.342
2023-09-28,151574,0,1,4.9,28.586
2023-09-29,144797,0,1,3.728,29.588
2023-09-30,146022,0,1,2.884,29.174
2023-10-01,189968,1,1,2.7693877551020414,26.89183673469388
2023-10-02,185089,1,1,2.678,26.45
2023-10-03,180892,1,1,3.16,26.912
2023-10-04,188668,1,1,3.09,26.454
2023-10-05,198121,1,1,2.818,26.971999999999998
2023-10-06,274577,1,1,2.2640000000000002,26.888
2023-10-07,347417,1,1,3.228,27.022
2023-10-08,311868,1,1,3.676,26.908
2023-10-09,256151,1,1,3.58,27.278000000000002
2023-10-10,236174,1,1,3.257142857142857,26.76530612244898
2023-10-11,221152,1,1,2.9960000000000004,27.288
2023-10-12,246402,1,1,3.708,27.136
2023-10-13,246731,1,1,3.3480000000000003,26.285999999999998
2023-10-14,242283,1,1,3.338,26.078000000000003
2023-10-15,205794,1,1,3.696,26.064
2023-10-16,157209,0,1,3.548,25.918000000000003
2023-10-17,135962,0,1,3.3739999999999997,25.73
2023-10-18,145512,0,1,2.494,26.212
2023-10-19,136772,0,1,3.46,26.6
2023-10-20,153550,0,1,3.6660000000000004,26.378
2023-10-21,146281,0,1,3.7939999999999996,26.448
2023-10-22,142117,0,1,3.683673469387755,26.085714285714285
2023-10-23,140193,0,1,2.7560000000000002,26.43
2023-10-24,132684,0,1,2.904,27.298000000000002
2023-10-25,347523,1,1,3.3339999999999996,26.081999999999997
2023-10-26,381071,1,1,2.89,26.226
2023-10-27,400349,1,1,3.142,26.724
2023-10-28,385964,1,1,3.298,27.38
2023-10-29,350182,1,1,2.424,26.612
2023-10-30,325291,1,1,2.634,26.808000000000003
2023-10-31,325933,1,1,2.6979591836734693,26.322448979591837
2023-11-01,137995,0,1,3.0439999999999996,21.476
2023-11-02,147244,0,1,3.2319999999999998,21.816
2023-11-03,145769,0,1,2.406,21.766
2023-11-04,141284,0,1,3.208,21.351999999999997
2023-11-05,132213,0,1,2.468,22.394000000000002
2023-11-06,128260,0,1,3.1919999999999997,22.21
2023-11-07,128635,0,1,2.43,21.714000000000002
2023-11-08,137323,0,1,3.122,21.944000000000003
2023-11-09,142653,0,1,2.2479999999999998,22.451999999999998
2023-11-10,140117,0,1,4.13,20.988000000000003
2023-11-11,134967,0,1,3.048,22.034000000000002
2023-11-12,144402,0,1,3.1122448979591835,22.008163265306123
2023-11-13,130974,0,1,2.334,21.86
2023-11-14,123850,0,1,2.7,21.608
2023-11-15,125332,0,1,3.5980000000000003,21.478
2023-11-16,165207,0,1,2.126530612244898,21.312244897959182
2023-11-17,164313,0,1,2.9960000000000004,21.875999999999998
2023-11-18,194779,1,1,3.432,21.586
2023-11-19,174974,1,1,2.47,22.046
2023-11-20,186553,1,1,2.8760000000000003,22.421999999999997
2023-11-21,138167,0,1,2.99,21.252
2023-11-22,144839,0,1,3.0639999999999996,21.342
2023-11-23,116304,0,1,2.6919999999999997,20.79
2023-11-24,138971,0,1,3.4339999999999997,21.1
2023-11-25,146635,0,1,2.9019999999999997,21.19
2023-11-26,150377,0,1,2.8480000000000003,21.851999999999997
2023-11-27,131281,0,1,3.0469387755102044,21.267346938775507
2023-11-28,130313,0,1,2.395918367346939,21.510204081632654
2023-11-29,108311,0,1,3.478,21.518
2023-11-30,125362,0,1,3.636,21.986
2023-12-01,136664,0,1,2.7880000000000003,17.644000000000002
2023-12-02,127592,0,1,2.6755102040816325,17.624489795918368
2023-12-03,115837,0,1,2.81,17.63
2023-12-04,107333,0,1,2.256,17.48
2023-12-05,104340,0,1,2.168,18.317999999999998
2023-12-06,104079,0,1,3.18,17.87
2023-12-07,126248,0,1,2.5839999999999996,17.305999999999997
2023-12-08,131764,0,1,2.83,17.7
2023-12-09,144106,0,1,2.63,18.528
2023-12-10,124719,0,1,2.304081632653061,18.181632653061225
2023-12-11,124519,0,1,3.344,17.616
2023-12-12,130914,0,1,2.753061224489796,18.659183673469386
2023-12-13,139463,0,1,3.0326530612244897,17.76530612244898
2023-12-14,156417,0,1,2.6460000000000004,18.644000000000002
2023-12-15,122699,0,1,3.014,17.694000000000003
2023-12-16,148438,0,1,3.384,17.612000000000002
2023-12-17,115581,0,1,3.271428571428572,17.518367346938774
2023-12-18,116034,0,1,3.096,17.43
2023-12-19,105453,0,1,1.48,17.838
2023-12-20,115359,0,1,2.7539999999999996,18.002
2023-12-21,119796,0,1,2.6239999999999997,17.43
2023-12-22,119270,0,1,3.426,17.18
2023-12-23,149607,1,1,1.8979591836734695,17.073469387755104
2023-12-24,126941,1,1,2.7960000000000003,17.988
2023-12-25,127440,1,1,3.12,17.986
2023-12-26,121480,1,1,2.7119999999999997,17.17
2023-12-27,92955,0,1,2.306122448979592,18.518367346938774
2023-12-28,110878,0,1,2.66,17.416
2023-12-29,123553,0,1,2.6239999999999997,17.758
2023-12-30,123506,0,1,2.2119999999999997,17.477999999999998
2023-12-31,117901,0,1,3.1959183673469385,17.167346938775513
2024-01-01,131121,0,1,2.592,18.38
2024-01-02,124962,0,1,2.474,18.848
2024-01-03,133201,0,1,2.6142857142857143,18.544897959183675
2024-01-04,137669,0,1,2.792,18.886
2024-01-05,144468,0,1,2.308333333333333,18.389583333333334
2024-01-06,143414,0,1,2.4469387755102043,18.240816326530613
2024-01-07,123623,0,1,3.272,18.727999999999998
2024-01-08,117943,0,1,2.273469387755102,18.432653061224492
2024-01-09,109237,0,1,3.342,19.044
2024-01-10,112419,0,1,3.25,18.552
2024-01-11,130128,0,1,2.5540000000000003,18.122
2024-01-12,135094,0,1,2.79,17.886
2024-01-13,190928,1,1,3.0660000000000003,18.302
2024-01-14,201996,1,1,3.3560000000000003,18.452
2024-01-15,228845,1,1,2.7739999999999996,18.09
2024-01-16,203142,1,1,2.334,17.92
2024-01-17,201910,1,1,4.1259999999999994,17.875999999999998
2024-01-18,138662,0,1,3.044897959183673,17.840816326530614
2024-01-19,132668,0,1,2.558,18.105999999999998
2024-01-20,129772,0,1,2.546,17.445999999999998
2024-01-21,120339,0,1,2.510204081632653,18.675510204081633
2024-01-22,116750,0,1,2.244,18.46
2024-01-23,107067,0,1,2.169387755102041,17.789795918367346
2024-01-24,127562,0,1,3.17,17.948
2024-01-25,160364,1,1,1.7380000000000002,18.73
2024-01-26,160653,1,1,2.2,18.22
2024-01-27,155762,1,1,1.5919999999999999,18.62
2024-01-28,121124,0,1,2.244,17.668
2024-01-29,115917,0,1,3.7439999999999998,18.046
2024-01-30,106298,0,1,2.9539999999999997,18.134
2024-01-31,118778,0,1,3.036,18.402
2024-02-01,132028,0,1,2.456,20.43
2024-02-02,166408,0,1,3.102,21.308000000000003
2024-02-03,155066,0,1,2.74,20.618000000000002
2024-02-04,141787,0,1,2.52,20.072
2024-02-05,176754,0,1,1.79,20.12
2024-02-06,162988,0,1,2.27,20.336
2024-02-07,200798,0,1,3.26,20.754
2024-02-08,189339,0,1,3.028,19.625999999999998
2024-02-09,146033,0,1,3.6940000000000004,20.761999999999997
2024-02-10,135140,0,1,3.11,20.406
2024-02-11,128165,0,1,3.24,21.028000000000002
2024-02-12,133927,0,1,2.878,20.102
2024-02-13,119807,0,1,3.187755102040816,20.546938775510203
2024-02-14,121073,0,1,2.6239999999999997,20.6
2024-02-15,130794,0,1,2.673469387755102,21.079591836734696
2024-02-16,130988,0,1,2.9459999999999997,20.896
2024-02-17,124252,0,1,2.757142857142857,20.942857142857143
2024-02-18,122475,0,1,3.674,20.538
2024-02-19,109431,0,1,3.0877551020408167,19.771428571428572
2024-02-20,98573,0,1,2.35,20.454
2024-02-21,109480,0,1,2.588,21.118000000000002
2024-02-22,126148,0,1,2.276,20.176
2024-02-23,137087,0,1,3.5860000000000003,21.011999999999997
2024-02-24,151910,0,1,2.293877551020408,20.348979591836734
2024-02-25,157340,0,1,2.612,20.49
2024-02-26,143313,0,1,2.8142857142857145,20.56326530612245
2024-02-27,112830,0,1,2.38,21.1
2024-02-28,104407,0,1,2.334,20.962
2024-02-29,107316,0,1,1.9180000000000001,20.224
2024-03-01,135378,0,1,2.878,25.386
2024-03-02,146185,0,1,2.464,25.932
2024-03-03,129489,0,1,2.36734693877551,25.271428571428572
2024-03-04,131611,0,1,2.912,25.592
2024-03-05,114005,0,1,2.6460000000000004,25.33
2024-03-06,104755,0,1,3.2439999999999998,24.59
2024-03-07,154055,1,1,2.256,25.828000000000003
2024-03-08,155848,1,1,1.9244897959183673,26.020408163265305
2024-03-09,155527,1,1,3.5959999999999996,25.79
2024-03-10,156833,1,1,2.532,25.624000000000002
2024-03-11,156402,1,1,3.0260000000000002,25.444000000000003
2024-03-12,169372,1,1,3.8360000000000003,25.752
2024-03-13,127287,0,1,3.287755102040816,25.751020408163264
2024-03-14,171825,0,1,3.1919999999999997,25.945999999999998
2024-03-15,178692,0,1,2.3480000000000003,26.108
2024-03-16,138662,0,1,3.0660000000000003,25.578000000000003
2024-03-17,126262,0,1,2.5660000000000003,25.546
2024-03-18,121129,0,1,3.27,25.968000000000004
2024-03-19,112367,0,1,2.376,25.691999999999997
2024-03-20,117947,0,1,2.556,25.921999999999997
2024-03-21,136066,0,1,2.858,26.14
2024-03-22,129481,0,1,2.81,25.898000000000003
2024-03-23,130392,0,1,3.792,26.037999999999997
2024-03-24,148964,0,1,2.39,25.535999999999998
2024-03-25,140570,0,1,2.8539999999999996,25.54
2024-03-26,130435,0,1,2.448,25.721999999999998
2024-03-27,128694,0,1,3.6820000000000004,25.07
2024-03-28,121378,0,1,2.6839999999999997,26.168000000000003
2024-03-29,129173,0,1,2.498,25.776
2024-03-30,123983,0,1,2.102,25.331999999999997
2024-03-31,117860,0,1,2.4219999999999997,25.004
2024-04-01,133949,0,1,2.378,30.274
2024-04-02,126036,0,1,1.974,31.398000000000003
2024-04-03,133029,0,1,2.589583333333333,31.089583333333334
2024-04-04,155652,0,1,2.4459999999999997,31.401999999999997
2024-04-05,141758,0,1,2.734,31.284000000000002
2024-04-06,146977,0,1,2.112,31.398000000000003
2024-04-07,154775,0,1,2.62,31.248
2024-04-08,149731,0,1,3.5180000000000002,31.244
2024-04-09,143396,0,1,2.458,32.288000000000004
2024-04-10,141867,0,1,2.9360000000000004,31.49
2024-04-11,143215,0,1,2.228,31.326
2024-04-12,130233,0,1,2.773469387755102,31.483673469387757
2024-04-13,163909,1,1,2.032,31.601999999999997
2024-04-14,162778,1,1,2.5860000000000003,32.01
2024-04-15,153515,1,1,2.693877551020408,31.563265306122446
2024-04-16,154090,1,1,2.0140000000000002,31.236
2024-04-17,156785,1,1,2.88,31.224
2024-04-18,153519,1,1,2.418,31.084
2024-04-19,137499,0,1,3.08,31.54
2024-04-20,131637,0,1,2.984,31.088
2024-04-21,133586,0,1,2.254,31.954
2024-04-22,126923,0,1,2.99,31.558000000000003
2024-04-23,126283,0,1,3.0755102040816324,31.96530612244898
2024-04-24,126113,0,1,2.473469387755102,32.06734693877551
2024-04-25,141705,0,1,3.092,32.256
2024-04-26,144584,0,1,2.572,32.048
2024-04-27,147353,0,1,2.256,31.256
2024-04-28,144662,0,1,1.85,30.916
2024-04-29,152880,0,1,4.106,31.468000000000004
2024-04-30,193103,0,1,2.8680000000000003,30.968000000000004
2024-05-01,376671,1,1,3.714,35.402
2024-05-02,344620,1,1,3.21,35.57
2024-05-03,322157,1,1,2.172,36.06
2024-05-04,282836,1,1,2.714,36.074
2024-05-05,267481,1,1,2.8755102040816327,36.320408163265306
2024-05-06,178364,0,1,3.3739999999999997,36.054
2024-05-07,166453,0,1,3.0180000000000002,36.964
2024-05-08,174262,0,1,2.5333333333333337,35.91041666666667
2024-05-09,172357,0,1,2.3819999999999997,36.698
2024-05-10,175592,0,1,3.1122448979591835,36.69387755102041
2024-05-11,200107,0,1,2.3938775510204082,37.38979591836735
2024-05-12,189711,0,1,2.866,36.32
2024-05-13,178649,0,1,2.334,36.1
2024-05-14,176312,0,1,2.9019999999999997,36.108000000000004
2024-05-15,158565,0,1,2.322,36.306
2024-05-16,172789,0,1,2.86,35.33
2024-05-17,178814,0,1,2.434,35.126
2024-05-18,179869,0,1,2.4619999999999997,36.904
2024-05-19,155516,0,1,2.9339999999999997,35.77
2024-05-20,165694,0,1,4.458,35.364000000000004
2024-05-21,150988,0,1,3.452,36.584
2024-05-22,172755,0,1,2.6979591836734693,35.52040816326531
2024-05-23,162669,0,1,1.98,35.856
2024-05-24,176697,0,1,2.528,37.135999999999996
2024-05-25,221663,0,1,3.2960000000000003,36.658
2024-05-26,252707,0,1,3.2460000000000004,35.668
2024-05-27,206701,0,1,2.412,36.292
2024-05-28,152709,0,1,3.0580000000000003,35.784
2024-05-29,200298,0,1,3.736,36.62
2024-05-30,220017,0,1,3.452,37.15
2024-05-31,227888,0,1,3.258,36.264
2024-06-01,244638,0,1,5.659183673469388,35.67551020408163
2024-06-02,248282,0,1,4.848,35.78
2024-06-03,274890,0,1,4.228571428571429,35.55102040816327
2024-06-04,166478,0,1,3.28,36.248000000000005
2024-06-05,179703,0,1,4.912,35.26
2024-06-06,181550,0,1,4.43,35.23
2024-06-07,195320,0,1,4.718,35.166
2024-06-08,178390,0,1,4.4239999999999995,34.414
2024-06-09,173683,0,1,3.284,36.03
2024-06-10,165225,0,1,4.926,35.644
2024-06-11,155190,0,1,4.046,35.358000000000004
2024-06-12,162510,0,1,4.914,34.058
2024-06-13,171280,0,1,4.3260000000000005,35.025999999999996
2024-06-14,198936,0,1,4.093999999999999,34.482
2024-06-15,198760,0,1,4.332,34.504
2024-06-16,199743,0,1,3.773469387755102,35.138775510204084
2024-06-17,190258,0,1,4.308,34.898
2024-06-18,246838,0,1,4.386,34.976
2024-06-19,198154,0,1,4.822,34.534
2024-06-20,215739,0,1,4.016,34.798
2024-06-21,195832,0,1,4.332,35.232
2024-06-22,184584,0,1,4.854,35.39
2024-06-23,166944,0,1,4.3795918367346935,35.42857142857143
2024-06-24,157016,0,1,4.65,34.798
2024-06-25,146839,0,1,4.664,34.77
2024-06-26,156203,0,1,3.4040000000000004,35.23
2024-06-27,175338,0,1,4.9639999999999995,34.39
2024-06-28,189872,0,1,3.99,34.714
2024-06-29,205472,0,1,4.558,34.558
2024-06-30,197196,0,1,3.41,35.616
2024-07-01,204558,0,1,5.23,31.785999999999998
2024-07-02,173898,0,1,7.46,31.44
2024-07-03,174010,0,1,6.959183673469388,30.83877551020408
2024-07-04,182643,0,1,6.622448979591836,31.226530612244897
2024-07-05,197982,0,1,7.2620000000000005,31.81
2024-07-06,196417,0,1,5.417999999999999,30.53
2024-07-07,197094,0,1,6.854,31.814
2024-07-08,195853,0,1,6.073469387755101,32.173469387755105
2024-07-09,183860,0,1,6.891836734693877,30.491836734693877
2024-07-10,290268,1,1,7.306,30.721999999999998
2024-07-11,303776,1,1,8.033999999999999,31.122
2024-07-12,314291,1,1,5.659183673469388,31.697959183673472
2024-07-13,305556,1,1,8.793877551020408,32.03673469387755
2024-07-14,273434,1,1,7.398,30.7
2024-07-15,207516,0,1,6.494,30.804000000000002
2024-07-16,174410,0,1,8.356,30.824
2024-07-17,181887,0,1,6.38,31.604
2024-07-18,197424,0,1,7.918367346938775,31.44081632653061
2024-07-19,193725,0,1,7.644897959183674,31.379591836734694
2024-07-20,195823,0,1,6.274,30.872
2024-07-21,190779,0,1,7.577999999999999,30.698
2024-07-22,184967,0,1,7.782,31.581999999999997
2024-07-23,174250,0,1,10.122448979591837,31.0
2024-07-24,170658,0,1,8.042857142857143,30.267346938775507
2024-07-25,193991,0,1,8.026,30.596
2024-07-26,215464,0,1,6.896,30.945999999999998
2024-07-27,223793,0,1,8.146,31.428
2024-07-28,195979,0,1,6.056,31.23
2024-07-29,203683,0,1,9.992,31.651999999999997
2024-07-30,189812,0,1,6.706,30.896
2024-07-31,220693,0,1,6.9079999999999995,30.464000000000002
2024-08-01,262458,0,1,8.754,30.124000000000002
2024-08-02,283009,0,1,8.116,30.504
2024-08-03,261380,0,1,7.053999999999999,30.174
2024-08-04,250527,0,1,8.434,30.228
2024-08-05,239084,0,1,7.252000000000001,30.494
2024-08-06,194557,0,1,7.28,30.14
2024-08-07,182531,0,1,6.497999999999999,30.482
2024-08-08,185073,0,1,7.222,29.298000000000002
2024-08-09,206279,0,1,9.294,29.491999999999997
2024-08-10,222500,0,1,8.174,30.555999999999997
2024-08-11,226745,0,1,8.824000000000002,29.69
2024-08-12,208905,0,1,6.961224489795919,31.028571428571425
2024-08-13,171591,0,1,8.628571428571428,29.779591836734696
2024-08-14,214944,1,1,7.218,29.744
2024-08-15,211893,1,1,7.64,29.866
2024-08-16,221017,1,1,7.26,29.454
2024-08-17,178565,0,1,5.184,29.572
2024-08-18,191698,0,1,7.887755102040816,30.410204081632653
2024-08-19,175326,0,1,7.0920000000000005,30.268
2024-08-20,174297,0,1,6.858,30.201999999999998
2024-08-21,186025,0,1,7.411999999999999,30.014
2024-08-22,203918,0,1,6.402,29.366
2024-08-23,230194,0,1,8.128,30.434
2024-08-24,204179,0,1,7.644897959183674,30.279591836734696
2024-08-25,269435,1,1,7.64,30.888
2024-08-26,267010,1,1,6.192,29.798000000000002
2024-08-27,231402,1,1,8.575510204081633,30.585714285714285
2024-08-28,233972,1,1,6.587999999999999,29.704
2024-08-29,287750,1,1,7.646,30.454
2024-08-30,340589,1,1,9.046,29.61
2024-08-31,328381,1,1,7.8020000000000005,29.398000000000003
2024-09-01,287043,0,1,6.222,29.13
2024-09-02,262511,0,1,4.1739999999999995,29.0
